id_alat,tanggal,jam,sensor1,sensor2,sensor3,sensor4,sensor5,sensor6,sensor7,sensor8,sensor9,sensor10,sensor11,sensor12,sensor13,sensor14,sensor15,sensor16,
10223,2025-10-31,00:01:00,0.00,0.00,4.68,,,,,0.00,0.00,,0,0,,53.00,12.48,34.70,
10223,2025-10-31,00:03:00,0.00,0.00,4.68,,,,,0.00,0.00,,0,0,,52.90,12.92,34.60,
10223,2025-10-31,00:04:00,4.675,0.00,4.68,,,,,0.00,0.00,,1,0,1,53.00,13.04,34.70,
10223,2025-10-31,00:05:00,0.00,0.00,4.68,,,,,0.00,0.00,,0,0,1,52.90,12.48,34.60,
10223,2025-10-31,00:06:00,0.00,0.00,4.68,,,,,0.00,0.00,,0,0,1,52.90,12.71,34.60,
10223,2025-10-31,00:08:00,0.00,0.00,4.68,,,,,0.00,0.00,,0,0,,53.00,13.04,34.70,
10223,2025-10-31,00:10:00,4.671,0.00,4.68,,,,,0.00,0.00,,1,0,,52.90,12.60,34.60,
10223,2025-10-31,00:11:00,4.675,0.00,4.68,,,,,0.00,0.00,,1,0,1,52.90,12.48,34.60,
10223,2025-10-31,00:12:00,4.675,0.00,4.68,,,,,0.00,0.00,,1,0,1,52.90,12.66,34.60,
10223,2025-10-31,00:13:00,4.675,0.00,4.68,,,,,0.00,0.00,,1,0,1,52.90,13.04,34.60,
10223,2025-10-31,00:14:00,0.00,0.00,4.68,,,,,0.00,0.00,,0,0,1,52.90,12.60,34.60,
10223,2025-10-31,00:16:00,0.00,0.00,4.68,,,,,0.00,0.00,,0,0,,53.00,12.48,34.70,
10223,2025-10-31,00:17:00,0.00,0.00,4.68,,,,,0.00,0.00,,0,0,1,52.90,12.86,34.70,
10223,2025-10-31,00:18:00,0.00,0.00,4.68,,,,,0.00,0.00,,0,0,1,52.90,13.04,34.70,
10223,2025-10-31,00:19:00,0.00,0.00,4.68,,,,,0.00,0.00,,0,0,1,52.90,13.04,34.60,
10223,2025-10-31,00:20:00,0.00,0.00,4.68,,,,,0.00,0.00,,0,0,1,53.00,12.71,34.70,
10223,2025-10-31,00:21:00,0.00,0.00,4.68,,,,,0.00,0.00,,0,0,1,52.90,12.51,34.60,
10223,2025-10-31,00:22:00,0.00,0.00,4.68,,,,,0.00,0.00,,0,0,1,52.90,12.48,34.60,
10223,2025-10-31,00:23:00,0.00,0.00,4.68,,,,,0.00,0.00,,0,0,1,53.00,12.71,34.70,
10223,2025-10-31,00:24:00,0.00,0.00,4.68,,,,,0.00,0.00,,0,0,1,52.90,12.48,34.60,
10223,2025-10-31,00:25:00,0.00,0.00,4.68,,,,,0.00,0.00,,0,0,1,52.90,12.89,34.70,
10223,2025-10-31,00:26:00,0.00,0.00,4.68,,,,,0.00,0.00,,0,0,1,52.90,13.04,34.70,
10223,2025-10-31,00:27:00,4.675,0.00,4.68,,,,,0.00,0.00,,1,0,1,52.90,12.77,34.70,
10223,2025-10-31,00:28:00,0.00,0.00,4.68,,,,,0.00,0.00,,0,0,1,52.90,12.48,34.70,
10223,2025-10-31,00:29:00,4.675,0.00,4.68,,,,,0.00,0.00,,1,0,1,52.90,12.60,34.60,
10223,2025-10-31,00:30:00,0.00,0.00,4.68,,,,,0.00,0.00,,0,0,1,52.90,13.04,34.60,
10223,2025-10-31,00:31:00,4.633,0.04,4.68,,,,,0.00,0.00,,1,0,1,52.90,12.77,34.60,
10223,2025-10-31,00:32:00,0.00,0.04,4.68,,,,,0.00,0.00,,0,0,1,52.90,12.48,34.60,
10223,2025-10-31,00:33:00,4.210,0.47,4.68,,,,,0.00,0.00,,1,0,1,52.90,12.86,34.60,
10223,2025-10-31,00:34:00,0.00,0.47,4.68,,,,,0.00,0.00,,0,0,1,52.90,12.98,34.70,
10223,2025-10-31,00:36:00,0.00,0.00,4.68,,,,,0.00,0.00,,0,0,,52.90,12.92,34.60,
10223,2025-10-31,00:37:00,0.00,0.00,4.68,,,,,0.00,0.00,,0,0,1,52.90,13.04,34.60,
10223,2025-10-31,00:38:00,0.00,0.00,4.68,,,,,0.00,0.00,,0,0,1,52.90,12.92,34.60,
10223,2025-10-31,00:39:00,0.00,0.00,4.68,,,,,0.00,0.00,,0,0,1,52.90,12.66,34.70,
10223,2025-10-31,00:40:00,0.00,0.00,4.68,,,,,0.00,0.00,,0,0,1,52.90,12.48,34.60,
10223,2025-10-31,00:41:00,0.00,0.00,4.68,,,,,0.00,0.00,,0,0,1,53.00,12.92,34.70,
10223,2025-10-31,00:42:00,0.00,0.00,4.68,,,,,0.00,0.00,,0,0,1,52.90,12.51,34.70,
10223,2025-10-31,00:44:00,4.245,0.43,4.68,,,,,0.00,0.00,,1,0,,53.00,12.92,34.70,
10223,2025-10-31,00:45:00,0.00,0.43,4.68,,,,,0.00,0.00,,0,0,1,52.90,12.48,34.70,
10223,2025-10-31,00:46:00,0.00,0.43,4.68,,,,,0.00,0.00,,0,0,1,52.90,12.71,34.70,
10223,2025-10-31,00:47:00,0.00,0.43,4.68,,,,,0.00,0.00,,0,0,1,52.90,12.66,34.70,
10223,2025-10-31,00:48:00,0.00,0.43,4.68,,,,,0.00,0.00,,0,0,1,52.90,13.04,34.70,
10223,2025-10-31,00:49:00,0.00,0.43,4.68,,,,,0.00,0.00,,0,0,1,52.80,13.04,34.70,
10223,2025-10-31,00:50:00,0.00,0.43,4.68,,,,,0.00,0.00,,0,0,1,52.90,13.01,34.70,
10223,2025-10-31,00:52:00,4.675,0.00,4.68,,,,,0.00,0.00,,1,0,,52.90,12.74,34.70,
10223,2025-10-31,00:53:00,0.00,0.00,4.68,,,,,0.00,0.00,,0,0,1,52.80,12.54,34.70,
10223,2025-10-31,00:54:00,0.00,0.00,4.68,,,,,0.00,0.00,,0,0,1,52.80,13.04,34.70,
10223,2025-10-31,00:55:00,0.00,0.00,4.68,,,,,0.00,0.00,,0,0,1,52.90,12.92,34.80,
10223,2025-10-31,00:56:00,0.00,0.00,4.68,,,,,0.00,0.00,,0,0,1,52.80,12.86,34.70,
10223,2025-10-31,00:57:00,0.00,0.00,4.68,,,,,0.00,0.00,,0,0,1,52.80,12.80,34.70,
10223,2025-10-31,00:58:00,4.675,0.00,4.68,,,,,0.00,0.00,,1,0,1,52.80,12.48,34.80,
10223,2025-10-31,00:59:00,0.00,0.00,4.68,,,,,0.00,0.00,,0,0,1,52.80,12.48,34.70,
10223,2025-10-31,01:00:00,0.00,0.00,4.68,,,,,0.00,0.00,,0,0,1,52.80,12.42,34.80,
10223,2025-10-31,01:01:00,0.00,0.00,4.68,,,,,0.00,0.00,,0,0,1,52.80,12.48,34.80,
10223,2025-10-31,01:03:00,0.00,0.00,4.68,,,,,0.00,0.00,,0,0,,52.80,12.92,34.80,
10223,2025-10-31,01:04:00,0.00,0.00,4.68,,,,,0.00,0.00,,0,0,1,52.80,13.01,34.80,
10223,2025-10-31,01:06:00,0.00,0.00,4.68,,,,,0.00,0.00,,0,0,,52.80,12.60,34.80,
10223,2025-10-31,01:07:00,0.00,0.00,4.68,,,,,0.00,0.00,,0,0,1,52.80,12.92,34.80,
10223,2025-10-31,01:08:00,4.675,0.00,4.68,,,,,0.00,0.00,,1,0,1,52.80,13.01,34.80,
10223,2025-10-31,01:09:00,0.00,0.00,4.68,,,,,0.00,0.00,,0,0,1,52.80,12.83,34.80,
10223,2025-10-31,01:10:00,0.00,0.00,4.68,,,,,0.00,0.00,,0,0,1,52.80,12.92,34.90,
10223,2025-10-31,01:11:00,0.00,0.00,4.68,,,,,0.00,0.00,,0,0,1,52.70,12.98,34.80,
10223,2025-10-31,01:13:00,0.00,0.00,4.68,,,,,0.00,0.00,,0,0,,52.80,12.92,34.80,
10223,2025-10-31,01:14:00,0.00,0.00,4.68,,,,,0.00,0.00,,0,0,1,52.70,12.63,34.80,
10223,2025-10-31,01:16:00,4.672,0.00,4.68,,,,,0.00,0.00,,1,0,,52.70,12.92,34.80,
10223,2025-10-31,01:17:00,0.00,0.00,4.68,,,,,0.00,0.00,,0,0,1,52.70,12.71,34.80,
10223,2025-10-31,01:18:00,4.675,0.00,4.68,,,,,0.00,0.00,,1,0,1,52.70,12.80,34.90,
10223,2025-10-31,01:19:00,0.00,0.00,4.68,,,,,0.00,0.00,,0,0,1,52.70,12.89,34.80,
10223,2025-10-31,01:20:00,4.672,0.00,4.68,,,,,0.00,0.00,,1,0,1,52.70,12.77,34.90,
10223,2025-10-31,01:21:00,0.00,0.00,4.68,,,,,0.00,0.00,,0,0,1,52.80,12.48,34.90,
10223,2025-10-31,01:23:00,0.00,0.00,4.68,,,,,0.00,0.00,,0,0,,52.70,12.66,34.90,
10223,2025-10-31,01:24:00,0.00,0.00,4.68,,,,,0.00,0.00,,0,0,1,52.70,12.92,34.90,
10223,2025-10-31,01:25:00,0.00,0.00,4.68,,,,,0.00,0.00,,0,0,1,52.70,12.92,34.90,
10223,2025-10-31,01:26:00,4.672,0.00,4.68,,,,,0.00,0.00,,1,0,1,52.70,12.98,34.90,
10223,2025-10-31,01:27:00,0.00,0.00,4.68,,,,,0.00,0.00,,0,0,1,52.60,12.48,34.90,
10223,2025-10-31,01:28:00,0.00,0.00,4.68,,,,,0.00,0.00,,0,0,1,52.60,12.86,34.90,
10223,2025-10-31,01:29:00,0.00,0.00,4.68,,,,,0.00,0.00,,0,0,1,52.60,12.48,34.90,
10223,2025-10-31,01:30:00,0.00,0.00,4.68,,,,,0.00,0.00,,0,0,1,52.60,12.48,34.90,
10223,2025-10-31,01:31:00,4.675,0.00,4.68,,,,,0.00,0.00,,1,0,1,52.50,13.01,34.90,
10223,2025-10-31,01:32:00,0.00,0.00,4.68,,,,,0.00,0.00,,0,0,1,52.50,12.92,34.90,
10223,2025-10-31,01:34:00,0.00,0.00,4.68,,,,,0.00,0.00,,0,0,,52.50,12.77,35.00,
10223,2025-10-31,01:35:00,0.00,0.00,4.68,,,,,0.00,0.00,,0,0,1,52.50,12.48,35.00,
10223,2025-10-31,01:36:00,0.00,0.00,4.68,,,,,0.00,0.00,,0,0,1,52.50,12.80,35.00,
10223,2025-10-31,01:37:00,0.00,0.00,4.68,,,,,0.00,0.00,,0,0,1,52.50,13.04,35.00,
10223,2025-10-31,01:38:00,4.676,0.00,4.68,,,,,0.00,0.00,,1,0,1,52.40,12.60,34.90,
10223,2025-10-31,01:39:00,0.00,0.00,4.68,,,,,0.00,0.00,,0,0,1,52.50,12.60,34.90,
10223,2025-10-31,01:40:00,0.00,0.00,4.68,,,,,0.00,0.00,,0,0,1,52.50,13.01,35.00,
10223,2025-10-31,01:41:00,0.00,0.00,4.68,,,,,0.00,0.00,,0,0,1,52.50,12.92,35.00,
10223,2025-10-31,01:42:00,0.00,0.00,4.68,,,,,0.00,0.00,,0,0,1,52.50,12.48,35.00,
10223,2025-10-31,01:43:00,0.00,0.00,4.68,,,,,0.00,0.00,,0,0,1,52.50,12.80,35.00,
10223,2025-10-31,01:44:00,0.00,0.00,4.68,,,,,0.00,0.00,,0,0,1,52.50,13.01,35.00,
10223,2025-10-31,01:45:00,0.00,0.00,4.68,,,,,0.00,0.00,,0,0,1,52.40,12.98,35.00,
10223,2025-10-31,01:46:00,4.675,0.00,4.68,,,,,0.00,0.00,,1,0,1,52.50,12.92,35.00,
10223,2025-10-31,01:47:00,0.00,0.00,4.68,,,,,0.00,0.00,,0,0,1,52.40,12.92,35.00,
10223,2025-10-31,01:48:00,0.00,0.00,4.68,,,,,0.00,0.00,,0,0,1,52.40,12.86,35.00,
10223,2025-10-31,01:49:00,0.00,0.00,4.68,,,,,0.00,0.00,,0,0,1,52.50,12.80,35.00,
10223,2025-10-31,01:50:00,0.00,0.00,4.68,,,,,0.00,0.00,,0,0,1,52.40,12.48,35.00,
10223,2025-10-31,01:52:00,0.00,0.00,4.68,,,,,0.00,0.00,,0,0,,52.30,12.83,35.00,
10223,2025-10-31,01:53:00,0.00,0.00,4.68,,,,,0.00,0.00,,0,0,1,52.30,12.48,35.00,
10223,2025-10-31,01:54:00,0.00,0.00,4.68,,,,,0.00,0.00,,0,0,1,52.30,13.01,35.00,
10223,2025-10-31,01:55:00,4.676,0.00,4.68,,,,,0.00,0.00,,1,0,1,52.30,12.66,35.00,
10223,2025-10-31,01:56:00,4.675,0.00,4.68,,,,,0.00,0.00,,1,0,1,52.30,12.60,35.00,
10223,2025-10-31,01:57:00,0.00,0.00,4.68,,,,,0.00,0.00,,0,0,1,52.30,12.98,35.00,
10223,2025-10-31,01:59:00,4.675,0.00,4.68,,,,,0.00,0.00,,1,0,,52.20,12.92,35.00,
10223,2025-10-31,02:00:00,0.00,0.00,4.68,,,,,0.00,0.00,,0,0,1,52.20,12.60,35.00,
10223,2025-10-31,02:02:00,0.00,0.00,4.68,,,,,0.00,0.00,,0,0,,52.30,12.42,35.00,
10223,2025-10-31,02:03:00,0.00,0.00,4.68,,,,,0.00,0.00,,0,0,1,52.30,12.80,35.00,
10223,2025-10-31,02:05:00,4.675,0.00,4.68,,,,,0.00,0.00,,1,0,,52.40,12.92,35.00,
10223,2025-10-31,02:06:00,4.675,0.00,4.68,,,,,0.00,0.00,,1,0,1,52.40,12.42,35.00,
10223,2025-10-31,02:07:00,0.00,0.00,4.68,,,,,0.00,0.00,,0,0,1,52.40,12.92,35.00,
10223,2025-10-31,02:08:00,0.00,0.00,4.68,,,,,0.00,0.00,,0,0,1,52.30,12.60,34.90,
10223,2025-10-31,02:10:00,0.00,0.00,4.68,,,,,0.00,0.00,,0,0,,52.40,12.60,35.00,
10223,2025-10-31,02:12:00,0.00,0.00,4.68,,,,,0.00,0.00,,0,0,,52.30,12.48,34.90,
10223,2025-10-31,02:14:00,4.675,0.00,4.68,,,,,0.00,0.00,,1,0,,52.40,12.92,34.90,
10223,2025-10-31,02:15:00,0.00,0.00,4.68,,,,,0.00,0.00,,0,0,1,52.30,12.80,34.90,
10223,2025-10-31,02:16:00,0.00,0.00,4.68,,,,,0.00,0.00,,0,0,1,52.40,12.92,34.90,
10223,2025-10-31,02:17:00,0.00,0.00,4.68,,,,,0.00,0.00,,0,0,1,52.30,12.51,34.90,
10223,2025-10-31,02:18:00,0.00,0.00,4.68,,,,,0.00,0.00,,0,0,1,52.40,12.80,34.90,
10223,2025-10-31,02:19:00,4.676,0.00,4.68,,,,,0.00,0.00,,1,0,1,52.40,12.48,34.90,
10223,2025-10-31,02:20:00,4.633,0.04,4.68,,,,,0.00,0.00,,1,0,1,52.40,12.48,34.90,
10223,2025-10-31,02:21:00,0.00,0.04,4.68,,,,,0.00,0.00,,0,0,1,52.40,12.42,34.90,
10223,2025-10-31,02:22:00,4.676,0.00,4.68,,,,,0.00,0.00,,1,0,1,52.30,12.92,34.90,
10223,2025-10-31,02:23:00,0.00,0.00,4.68,,,,,0.00,0.00,,0,0,1,52.40,12.66,34.90,
10223,2025-10-31,02:24:00,4.676,0.00,4.68,,,,,0.00,0.00,,1,0,1,52.30,12.48,34.90,
10223,2025-10-31,02:25:00,0.00,0.00,4.68,,,,,0.00,0.00,,0,0,1,52.30,12.42,34.90,
10223,2025-10-31,02:26:00,0.00,0.00,4.68,,,,,0.00,0.00,,0,0,1,52.30,12.92,34.90,
10223,2025-10-31,02:27:00,0.00,0.00,4.68,,,,,0.00,0.00,,0,0,1,52.40,12.92,34.90,
10223,2025-10-31,02:28:00,4.676,0.00,4.68,,,,,0.00,0.00,,1,0,1,52.30,12.42,34.90,
10223,2025-10-31,02:29:00,4.676,0.00,4.68,,,,,0.00,0.00,,1,0,1,52.40,12.92,34.90,
10223,2025-10-31,02:30:00,4.675,0.00,4.68,,,,,0.00,0.00,,1,0,1,52.30,12.92,34.90,
10223,2025-10-31,02:31:00,0.00,0.00,4.68,,,,,0.00,0.00,,0,0,1,52.40,12.86,35.00,
10223,2025-10-31,02:32:00,0.00,0.00,4.68,,,,,0.00,0.00,,0,0,1,52.30,13.01,34.90,
10223,2025-10-31,02:33:00,4.676,0.00,4.68,,,,,0.00,0.00,,1,0,1,52.30,12.92,34.90,
10223,2025-10-31,02:34:00,0.00,0.00,4.68,,,,,0.00,0.00,,0,0,1,52.30,12.86,34.90,
10223,2025-10-31,02:35:00,4.675,0.00,4.68,,,,,0.00,0.00,,1,0,1,52.40,12.92,34.90,
10223,2025-10-31,02:36:00,0.00,0.00,4.68,,,,,0.00,0.00,,0,0,1,52.30,12.92,34.90,
10223,2025-10-31,02:37:00,0.00,0.00,4.68,,,,,0.00,0.00,,0,0,1,52.30,12.74,34.90,
10223,2025-10-31,02:38:00,0.00,0.00,4.68,,,,,0.00,0.00,,0,0,1,52.30,12.92,34.90,
10223,2025-10-31,02:39:00,0.00,0.00,4.68,,,,,0.00,0.00,,0,0,1,52.30,12.71,34.90,
10223,2025-10-31,02:40:00,0.00,0.00,4.68,,,,,0.00,0.00,,0,0,1,52.30,12.48,34.90,
10223,2025-10-31,02:41:00,0.00,0.00,4.68,,,,,0.00,0.00,,0,0,1,52.40,12.86,34.90,
10223,2025-10-31,02:42:00,0.00,0.00,4.68,,,,,0.00,0.00,,0,0,1,52.30,12.48,34.90,
10223,2025-10-31,02:43:00,4.675,0.00,4.68,,,,,0.00,0.00,,1,0,1,52.20,12.92,34.90,
10223,2025-10-31,02:44:00,4.675,0.00,4.68,,,,,0.00,0.00,,1,0,1,52.30,12.51,34.90,
10223,2025-10-31,02:45:00,4.675,0.00,4.68,,,,,0.00,0.00,,1,0,1,52.20,12.89,34.90,
10223,2025-10-31,02:46:00,0.00,0.00,4.68,,,,,0.00,0.00,,0,0,1,52.10,12.86,34.80,
10223,2025-10-31,02:47:00,0.00,0.00,4.68,,,,,0.00,0.00,,0,0,1,52.20,12.92,34.90,
10223,2025-10-31,02:48:00,0.00,0.00,4.68,,,,,0.00,0.00,,0,0,1,52.20,12.92,34.80,
10223,2025-10-31,02:49:00,0.00,0.00,4.68,,,,,0.00,0.00,,0,0,1,52.10,12.42,34.80,
10223,2025-10-31,02:50:00,4.676,0.00,4.68,,,,,0.00,0.00,,1,0,1,52.30,13.01,34.90,
10223,2025-10-31,02:51:00,0.00,0.00,4.68,,,,,0.00,0.00,,0,0,1,52.20,12.60,34.80,
10223,2025-10-31,02:52:00,0.00,0.00,4.68,,,,,0.00,0.00,,0,0,1,52.30,12.86,34.90,
10223,2025-10-31,02:53:00,0.00,0.00,4.68,,,,,0.00,0.00,,0,0,1,52.20,12.83,34.80,
10223,2025-10-31,02:54:00,0.00,0.00,4.68,,,,,0.00,0.00,,0,0,1,52.20,12.63,34.90,
10223,2025-10-31,02:55:00,4.629,0.05,4.68,,,,,0.00,0.00,,1,0,1,52.20,12.92,34.80,
10223,2025-10-31,02:56:00,0.00,0.05,4.68,,,,,0.00,0.00,,0,0,1,52.30,12.92,34.90,
10223,2025-10-31,02:57:00,0.00,0.05,4.68,,,,,0.00,0.00,,0,0,1,52.30,13.01,34.80,
10223,2025-10-31,02:58:00,0.00,0.05,4.68,,,,,0.00,0.00,,0,0,1,52.10,12.42,34.80,
10223,2025-10-31,02:59:00,0.00,0.05,4.68,,,,,0.00,0.00,,0,0,1,52.20,12.86,34.80,
10223,2025-10-31,03:00:00,0.00,0.05,4.68,,,,,0.00,0.00,,0,0,1,52.20,12.92,34.80,
10223,2025-10-31,03:01:00,0.00,0.05,4.68,,,,,0.00,0.00,,0,0,1,52.20,12.60,34.80,
10223,2025-10-31,03:03:00,0.00,0.00,4.68,,,,,0.00,0.00,,0,0,,52.20,12.71,34.80,
10223,2025-10-31,03:04:00,4.671,0.00,4.68,,,,,0.00,0.00,,1,0,1,52.20,12.80,34.80,
10223,2025-10-31,03:05:00,0.00,0.00,4.68,,,,,0.00,0.00,,0,0,1,52.20,12.92,34.80,
10223,2025-10-31,03:06:00,0.00,0.00,4.68,,,,,0.00,0.00,,0,0,1,52.20,12.92,34.80,
10223,2025-10-31,03:07:00,0.00,0.00,4.68,,,,,0.00,0.00,,0,0,1,52.20,12.92,34.80,
10223,2025-10-31,03:08:00,0.00,0.00,4.68,,,,,0.00,0.00,,0,0,1,52.20,12.92,34.80,
10223,2025-10-31,03:09:00,0.00,0.00,4.68,,,,,0.00,0.00,,0,0,1,52.30,12.86,34.80,
10223,2025-10-31,03:10:00,0.00,0.00,4.68,,,,,0.00,0.00,,0,0,1,52.20,12.60,34.80,
10223,2025-10-31,03:11:00,0.00,0.00,4.68,,,,,0.00,0.00,,0,0,1,52.20,12.60,34.80,
10223,2025-10-31,03:12:00,0.00,0.00,4.68,,,,,0.00,0.00,,0,0,1,52.20,12.92,34.80,
10223,2025-10-31,03:13:00,0.00,0.00,4.68,,,,,0.00,0.00,,0,0,1,52.30,12.48,34.80,
10223,2025-10-31,03:14:00,0.00,0.00,4.68,,,,,0.00,0.00,,0,0,1,52.20,12.42,34.80,
10223,2025-10-31,03:15:00,0.00,0.00,4.68,,,,,0.00,0.00,,0,0,1,52.20,12.77,34.80,
10223,2025-10-31,03:16:00,0.00,0.00,4.68,,,,,0.00,0.00,,0,0,1,52.20,12.63,34.80,
10223,2025-10-31,03:17:00,0.00,0.00,4.68,,,,,0.00,0.00,,0,0,1,52.20,12.92,34.80,
10223,2025-10-31,03:18:00,0.00,0.00,4.68,,,,,0.00,0.00,,0,0,1,52.20,12.66,34.80,
10223,2025-10-31,03:19:00,0.00,0.00,4.68,,,,,0.00,0.00,,0,0,1,52.20,12.92,34.80,
10223,2025-10-31,03:20:00,4.632,0.04,4.68,,,,,0.00,0.00,,1,0,1,52.30,12.42,34.80,
10223,2025-10-31,03:21:00,4.675,0.00,4.68,,,,,0.00,0.00,,1,0,1,52.20,12.36,34.80,
10223,2025-10-31,03:22:00,0.00,0.00,4.68,,,,,0.00,0.00,,0,0,1,52.30,12.92,34.80,
10223,2025-10-31,03:23:00,0.00,0.00,4.68,,,,,0.00,0.00,,0,0,1,52.20,12.92,34.80,
10223,2025-10-31,03:24:00,0.00,0.00,4.68,,,,,0.00,0.00,,0,0,1,52.20,12.92,34.80,
10223,2025-10-31,03:26:00,0.00,0.00,4.68,,,,,0.00,0.00,,0,0,,52.30,12.92,34.80,
10223,2025-10-31,03:28:00,0.00,0.00,4.68,,,,,0.00,0.00,,0,0,,52.20,12.92,34.80,
10223,2025-10-31,03:30:00,0.00,0.00,4.68,,,,,0.00,0.00,,0,0,,52.20,12.89,34.70,
10223,2025-10-31,03:31:00,0.00,0.00,4.68,,,,,0.00,0.00,,0,0,1,52.30,12.92,34.80,
10223,2025-10-31,03:32:00,0.00,0.00,4.68,,,,,0.00,0.00,,0,0,1,52.30,12.92,34.70,
10223,2025-10-31,03:34:00,0.00,0.00,4.68,,,,,0.00,0.00,,0,0,,52.30,12.92,34.80,
10223,2025-10-31,03:35:00,0.00,0.00,4.68,,,,,0.00,0.00,,0,0,1,52.30,12.92,34.70,
10223,2025-10-31,03:36:00,0.00,0.00,4.68,,,,,0.00,0.00,,0,0,1,52.30,12.92,34.70,
10223,2025-10-31,03:37:00,0.00,0.00,4.68,,,,,0.00,0.00,,0,0,1,52.30,12.42,34.70,
10223,2025-10-31,03:39:00,0.00,0.00,4.68,,,,,0.00,0.00,,0,0,,52.30,12.92,34.70,
10223,2025-10-31,03:41:00,0.00,0.00,4.68,,,,,0.00,0.00,,0,0,,52.30,12.92,34.70,
10223,2025-10-31,03:42:00,4.675,0.00,4.68,,,,,0.00,0.00,,1,0,1,52.30,12.80,34.70,
10223,2025-10-31,03:43:00,0.00,0.00,4.68,,,,,0.00,0.00,,0,0,1,52.30,12.48,34.80,
10223,2025-10-31,03:44:00,0.00,0.00,4.68,,,,,0.00,0.00,,0,0,1,52.30,12.92,34.70,
10223,2025-10-31,03:45:00,0.00,0.00,4.68,,,,,0.00,0.00,,0,0,1,52.30,12.92,34.70,
10223,2025-10-31,03:46:00,0.00,0.00,4.68,,,,,0.00,0.00,,0,0,1,52.30,12.71,34.70,
10223,2025-10-31,03:47:00,0.00,0.00,4.68,,,,,0.00,0.00,,0,0,1,52.30,12.66,34.70,
10223,2025-10-31,03:48:00,4.676,0.00,4.68,,,,,0.00,0.00,,1,0,1,52.30,12.51,34.70,
10223,2025-10-31,03:49:00,0.00,0.00,4.68,,,,,0.00,0.00,,0,0,1,52.30,12.86,34.70,
10223,2025-10-31,03:50:00,0.00,0.00,4.68,,,,,0.00,0.00,,0,0,1,52.30,12.77,34.70,
10223,2025-10-31,03:51:00,0.00,0.00,4.68,,,,,0.00,0.00,,0,0,1,52.40,12.48,34.80,
10223,2025-10-31,03:52:00,0.00,0.00,4.68,,,,,0.00,0.00,,0,0,1,52.30,12.71,34.70,
10223,2025-10-31,03:53:00,0.00,0.00,4.68,,,,,0.00,0.00,,0,0,1,52.30,12.92,34.70,
10223,2025-10-31,03:54:00,0.00,0.00,4.68,,,,,0.00,0.00,,0,0,1,52.30,12.66,34.70,
10223,2025-10-31,03:55:00,0.00,0.00,4.68,,,,,0.00,0.00,,0,0,1,52.40,12.54,34.70,
10223,2025-10-31,03:56:00,0.00,0.00,4.68,,,,,0.00,0.00,,0,0,1,52.30,12.80,34.70,
10223,2025-10-31,03:57:00,4.676,0.00,4.68,,,,,0.00,0.00,,1,0,1,52.30,12.92,34.70,
10223,2025-10-31,03:58:00,0.00,0.00,4.68,,,,,0.00,0.00,,0,0,1,52.30,12.80,34.70,
10223,2025-10-31,03:59:00,4.205,0.47,4.68,,,,,0.00,0.00,,1,0,1,52.30,12.92,34.70,
10223,2025-10-31,04:00:00,0.00,0.47,4.68,,,,,0.00,0.00,,0,0,1,52.30,12.92,34.70,
10223,2025-10-31,04:01:00,0.00,0.47,4.68,,,,,0.00,0.00,,0,0,1,52.30,12.54,34.70,
10223,2025-10-31,04:03:00,0.00,0.04,4.68,,,,,0.00,0.00,,0,0,,52.40,12.77,34.70,
10223,2025-10-31,04:04:00,4.675,0.00,4.68,,,,,0.00,0.00,,1,0,1,52.30,12.92,34.70,
10223,2025-10-31,04:06:00,0.00,0.00,4.68,,,,,0.00,0.00,,0,0,,52.40,12.92,34.70,
10223,2025-10-31,04:07:00,0.00,0.00,4.68,,,,,0.00,0.00,,0,0,1,52.30,12.86,34.60,
10223,2025-10-31,04:08:00,4.675,0.00,4.68,,,,,0.00,0.00,,1,0,1,52.30,12.60,34.60,
10223,2025-10-31,04:09:00,4.675,0.00,4.68,,,,,0.00,0.00,,1,0,1,52.40,12.92,34.70,
10223,2025-10-31,04:10:00,0.00,0.00,4.68,,,,,0.00,0.00,,0,0,1,52.30,12.80,34.60,
10223,2025-10-31,04:11:00,0.00,0.00,4.68,,,,,0.00,0.00,,0,0,1,52.30,12.77,34.60,
10223,2025-10-31,04:12:00,0.00,0.00,4.68,,,,,0.00,0.00,,0,0,1,52.30,12.54,34.60,
10223,2025-10-31,04:14:00,0.00,0.00,4.68,,,,,0.00,0.00,,0,0,,52.40,12.86,34.70,
10223,2025-10-31,04:15:00,0.00,0.00,4.68,,,,,0.00,0.00,,0,0,1,52.40,12.48,34.70,
10223,2025-10-31,04:16:00,0.00,0.00,4.68,,,,,0.00,0.00,,0,0,1,52.40,12.77,34.70,
10223,2025-10-31,04:17:00,0.00,0.00,4.68,,,,,0.00,0.00,,0,0,1,52.30,12.48,34.60,
10223,2025-10-31,04:18:00,0.00,0.00,4.68,,,,,0.00,0.00,,0,0,1,52.30,12.42,34.70,
10223,2025-10-31,04:19:00,4.676,0.00,4.68,,,,,0.00,0.00,,1,0,1,52.30,12.36,34.70,
10223,2025-10-31,04:20:00,0.00,0.00,4.68,,,,,0.00,0.00,,0,0,1,52.30,12.69,34.60,
10223,2025-10-31,04:21:00,0.00,0.00,4.68,,,,,0.00,0.00,,0,0,1,52.20,12.48,34.60,
10223,2025-10-31,04:22:00,0.00,0.00,4.68,,,,,0.00,0.00,,0,0,1,52.30,12.86,34.70,
10223,2025-10-31,04:23:00,0.00,0.00,4.68,,,,,0.00,0.00,,0,0,1,52.20,12.86,34.60,
10223,2025-10-31,04:24:00,4.671,0.00,4.68,,,,,0.00,0.00,,1,0,1,52.30,12.80,34.70,
10223,2025-10-31,04:25:00,0.00,0.00,4.68,,,,,0.00,0.00,,0,0,1,52.30,12.48,34.70,
10223,2025-10-31,04:26:00,0.00,0.00,4.68,,,,,0.00,0.00,,0,0,1,52.30,12.42,34.70,
10223,2025-10-31,04:27:00,0.00,0.00,4.68,,,,,0.00,0.00,,0,0,1,52.30,12.92,34.70,
10223,2025-10-31,04:28:00,0.00,0.00,4.68,,,,,0.00,0.00,,0,0,1,52.30,12.77,34.70,
10223,2025-10-31,04:29:00,0.00,0.00,4.68,,,,,0.00,0.00,,0,0,1,52.30,12.80,34.70,
10223,2025-10-31,04:30:00,4.676,0.00,4.68,,,,,0.00,0.00,,1,0,1,52.30,12.92,34.70,
10223,2025-10-31,04:31:00,0.00,0.00,4.68,,,,,0.00,0.00,,0,0,1,52.20,12.60,34.70,
10223,2025-10-31,04:32:00,0.00,0.00,4.68,,,,,0.00,0.00,,0,0,1,52.30,12.80,34.70,
10223,2025-10-31,04:33:00,0.00,0.00,4.68,,,,,0.00,0.00,,0,0,1,52.30,12.36,34.70,
10223,2025-10-31,04:34:00,4.675,0.00,4.68,,,,,0.00,0.00,,1,0,1,52.20,12.71,34.70,
10223,2025-10-31,04:35:00,0.00,0.00,4.68,,,,,0.00,0.00,,0,0,1,52.20,12.92,34.70,
10223,2025-10-31,04:36:00,0.00,0.00,4.68,,,,,0.00,0.00,,0,0,1,52.20,12.60,34.70,
10223,2025-10-31,04:37:00,4.676,0.00,4.68,,,,,0.00,0.00,,1,0,1,52.20,12.66,34.70,
10223,2025-10-31,04:38:00,0.00,0.00,4.68,,,,,0.00,0.00,,0,0,1,52.20,12.48,34.70,
10223,2025-10-31,04:39:00,4.675,0.00,4.68,,,,,0.00,0.00,,1,0,1,52.20,12.42,34.70,
10223,2025-10-31,04:40:00,0.00,0.00,4.68,,,,,0.00,0.00,,0,0,1,52.20,12.92,34.70,
10223,2025-10-31,04:41:00,0.00,0.00,4.68,,,,,0.00,0.00,,0,0,1,52.20,12.92,34.70,
10223,2025-10-31,04:42:00,0.00,0.00,4.68,,,,,0.00,0.00,,0,0,1,52.20,12.92,34.70,
10223,2025-10-31,04:43:00,0.00,0.00,4.68,,,,,0.00,0.00,,0,0,1,52.20,12.74,34.70,
10223,2025-10-31,04:44:00,0.00,0.00,4.68,,,,,0.00,0.00,,0,0,1,52.10,12.80,34.70,
10223,2025-10-31,04:45:00,4.676,0.00,4.68,,,,,0.00,0.00,,1,0,1,52.20,12.92,34.70,
10223,2025-10-31,04:46:00,4.676,0.00,4.68,,,,,0.00,0.00,,1,0,1,52.20,12.54,34.70,
10223,2025-10-31,04:47:00,0.00,0.00,4.68,,,,,0.00,0.00,,0,0,1,52.10,12.86,34.70,
10223,2025-10-31,04:48:00,0.00,0.00,4.68,,,,,0.00,0.00,,0,0,1,52.20,12.80,34.70,
10223,2025-10-31,04:49:00,4.675,0.00,4.68,,,,,0.00,0.00,,1,0,1,52.10,12.86,34.70,
10223,2025-10-31,04:50:00,4.671,0.00,4.68,,,,,0.00,0.00,,1,0,1,52.10,12.80,34.70,
10223,2025-10-31,04:51:00,0.00,0.00,4.68,,,,,0.00,0.00,,0,0,1,52.10,12.86,34.70,
10223,2025-10-31,04:53:00,4.676,0.00,4.68,,,,,0.00,0.00,,1,0,,52.10,12.71,34.70,
10223,2025-10-31,04:54:00,0.00,0.00,4.68,,,,,0.00,0.00,,0,0,1,52.10,12.42,34.70,
10223,2025-10-31,04:55:00,0.00,0.00,4.68,,,,,0.00,0.00,,0,0,1,52.10,12.86,34.70,
10223,2025-10-31,04:56:00,0.00,0.00,4.68,,,,,0.00,0.00,,0,0,1,52.10,12.86,34.70,
10223,2025-10-31,04:57:00,0.00,0.00,4.68,,,,,0.00,0.00,,0,0,1,52.10,12.36,34.70,
10223,2025-10-31,04:58:00,0.00,0.00,4.68,,,,,0.00,0.00,,0,0,1,52.10,12.48,34.70,
10223,2025-10-31,04:59:00,0.00,0.00,4.68,,,,,0.00,0.00,,0,0,1,52.20,12.86,34.70,
10223,2025-10-31,05:00:00,0.00,0.00,4.68,,,,,0.00,0.00,,0,0,1,52.10,12.48,34.70,
10223,2025-10-31,05:01:00,0.00,0.00,4.68,,,,,0.00,0.00,,0,0,1,52.10,12.48,34.70,
10223,2025-10-31,05:03:00,4.676,0.00,4.68,,,,,0.00,0.00,,1,0,,52.10,12.77,34.70,
10223,2025-10-31,05:04:00,4.675,0.00,4.68,,,,,0.00,0.00,,1,0,1,52.10,12.92,34.70,
10223,2025-10-31,05:05:00,4.675,0.00,4.68,,,,,0.00,0.00,,1,0,1,52.10,12.42,34.70,
10223,2025-10-31,05:06:00,0.00,0.00,4.68,,,,,0.00,0.00,,0,0,1,52.10,12.92,34.70,
10223,2025-10-31,05:07:00,0.00,0.00,4.68,,,,,0.00,0.00,,0,0,1,52.10,12.86,34.70,
10223,2025-10-31,05:08:00,4.676,0.00,4.68,,,,,0.00,0.00,,1,0,1,52.10,12.42,34.70,
10223,2025-10-31,05:09:00,0.00,0.00,4.68,,,,,0.00,0.00,,0,0,1,52.10,12.63,34.70,
10223,2025-10-31,05:10:00,4.676,0.00,4.68,,,,,0.00,0.00,,1,0,1,52.20,12.86,34.80,
10223,2025-10-31,05:11:00,4.675,0.00,4.68,,,,,0.00,0.00,,1,0,1,52.10,12.92,34.80,
10223,2025-10-31,05:12:00,0.00,0.00,4.68,,,,,0.00,0.00,,0,0,1,52.10,12.92,34.70,
10223,2025-10-31,05:13:00,0.00,0.00,4.68,,,,,0.00,0.00,,0,0,1,52.10,12.66,34.70,
10223,2025-10-31,05:14:00,0.00,0.00,4.68,,,,,0.00,0.00,,0,0,1,52.20,12.51,34.80,
10223,2025-10-31,05:15:00,4.676,0.00,4.68,,,,,0.00,0.00,,1,0,1,52.10,12.92,34.80,
10223,2025-10-31,05:16:00,0.00,0.00,4.68,,,,,0.00,0.00,,0,0,1,52.10,12.66,34.80,
10223,2025-10-31,05:17:00,0.00,0.00,4.68,,,,,0.00,0.00,,0,0,1,52.20,12.71,34.80,
10223,2025-10-31,05:18:00,4.676,0.00,4.68,,,,,0.00,0.00,,1,0,1,52.10,12.42,34.70,
10223,2025-10-31,05:19:00,4.672,0.00,4.68,,,,,0.00,0.00,,1,0,1,52.10,12.86,34.80,
10223,2025-10-31,05:20:00,0.00,0.00,4.68,,,,,0.00,0.00,,0,0,1,52.10,12.60,34.80,
10223,2025-10-31,05:21:00,4.675,0.00,4.68,,,,,0.00,0.00,,1,0,1,52.10,12.92,34.80,
10223,2025-10-31,05:22:00,0.00,0.00,4.68,,,,,0.00,0.00,,0,0,1,52.10,12.60,34.80,
10223,2025-10-31,05:23:00,0.00,0.00,4.68,,,,,0.00,0.00,,0,0,1,52.10,12.92,34.80,
10223,2025-10-31,05:24:00,0.00,0.00,4.68,,,,,0.00,0.00,,0,0,1,52.10,12.86,34.80,
10223,2025-10-31,05:26:00,4.675,0.00,4.68,,,,,0.00,0.00,,1,0,,52.10,12.86,34.80,
10223,2025-10-31,05:28:00,0.00,0.00,4.68,,,,,0.00,0.00,,0,0,,52.00,12.42,34.70,
10223,2025-10-31,05:29:00,0.00,0.00,4.68,,,,,0.00,0.00,,0,0,1,52.10,12.92,34.70,
10223,2025-10-31,05:30:00,0.00,0.00,4.68,,,,,0.00,0.00,,0,0,1,52.10,12.80,34.70,
10223,2025-10-31,05:31:00,0.00,0.00,4.68,,,,,0.00,0.00,,0,0,1,52.10,12.42,34.70,
10223,2025-10-31,05:32:00,4.676,0.00,4.68,,,,,0.00,0.00,,1,0,1,52.10,12.51,34.70,
10223,2025-10-31,05:33:00,0.00,0.00,4.68,,,,,0.00,0.00,,0,0,1,52.10,12.92,34.70,
10223,2025-10-31,05:34:00,0.00,0.00,4.68,,,,,0.00,0.00,,0,0,1,52.10,12.92,34.70,
10223,2025-10-31,05:36:00,0.00,0.05,4.68,,,,,0.00,0.00,,0,0,,52.10,12.80,34.70,
10223,2025-10-31,05:37:00,0.00,0.05,4.68,,,,,0.00,0.00,,0,0,1,52.10,12.92,34.70,
10223,2025-10-31,05:38:00,4.675,0.00,4.68,,,,,0.00,0.00,,1,0,1,52.10,12.98,34.70,
10223,2025-10-31,05:39:00,0.00,0.00,4.68,,,,,0.00,0.00,,0,0,1,52.10,13.01,34.70,
10223,2025-10-31,05:40:00,0.00,0.00,4.68,,,,,0.00,0.00,,0,0,1,52.10,12.51,34.70,
10223,2025-10-31,05:41:00,0.00,0.00,4.68,,,,,0.00,0.00,,0,0,1,52.10,12.74,34.70,
10223,2025-10-31,05:42:00,0.00,0.00,4.68,,,,,0.00,0.00,,0,0,1,52.10,13.04,34.70,
10223,2025-10-31,05:43:00,0.00,0.00,4.68,,,,,0.00,0.00,,0,0,1,52.10,12.48,34.70,
10223,2025-10-31,05:44:00,0.00,0.00,4.68,,,,,0.00,0.00,,0,0,1,52.10,12.71,34.70,
10223,2025-10-31,05:45:00,0.00,0.00,4.68,,,,,0.00,0.00,,0,0,1,52.10,12.92,34.70,
10223,2025-10-31,05:46:00,0.00,0.00,4.68,,,,,0.00,0.00,,0,0,1,52.10,13.04,34.70,
10223,2025-10-31,05:47:00,0.00,0.00,4.68,,,,,0.00,0.00,,0,0,1,52.20,13.01,34.70,
10223,2025-10-31,05:48:00,4.672,0.00,4.68,,,,,0.00,0.00,,1,0,1,52.10,12.98,34.70,
10223,2025-10-31,05:50:00,0.00,0.00,4.68,,,,,0.00,0.00,,0,0,,52.20,13.04,34.70,
10223,2025-10-31,05:52:00,0.00,0.00,4.68,,,,,0.00,0.00,,0,0,,52.20,12.60,34.60,
10223,2025-10-31,05:53:00,0.00,0.00,4.68,,,,,0.00,0.00,,0,0,1,52.20,13.04,34.60,
10223,2025-10-31,05:54:00,0.00,0.00,4.68,,,,,0.00,0.00,,0,0,1,52.20,13.04,34.60,
10223,2025-10-31,05:55:00,0.00,0.00,4.68,,,,,0.00,0.00,,0,0,1,52.30,12.60,34.60,
10223,2025-10-31,05:56:00,0.00,0.00,4.68,,,,,0.00,0.00,,0,0,1,52.30,12.63,34.60,
10223,2025-10-31,05:57:00,0.00,0.00,4.68,,,,,0.00,0.00,,0,0,1,52.30,12.51,34.60,
10223,2025-10-31,05:58:00,0.00,0.00,4.68,,,,,0.00,0.00,,0,0,1,52.40,12.71,34.60,
10223,2025-10-31,05:59:00,0.00,0.00,4.68,,,,,0.00,0.00,,0,0,1,52.40,12.92,34.60,
10223,2025-10-31,06:00:00,0.00,0.00,4.68,,,,,0.00,0.00,,0,0,1,52.40,13.15,34.60,
10223,2025-10-31,06:01:00,4.676,0.00,4.68,,,,,0.00,0.00,,1,0,1,52.40,12.95,34.60,
10223,2025-10-31,06:03:00,0.00,0.00,4.68,,,,,0.00,0.00,,0,0,,52.50,12.83,34.60,
10223,2025-10-31,06:05:00,0.00,0.00,4.68,,,,,0.00,0.00,,0,0,,52.60,13.33,34.60,
10223,2025-10-31,06:06:00,4.676,0.00,4.68,,,,,0.00,0.00,,1,0,1,52.70,13.18,34.60,
10223,2025-10-31,06:07:00,0.00,0.00,4.68,,,,,0.00,0.00,,0,0,1,52.70,13.39,34.60,
10223,2025-10-31,06:08:00,0.00,0.00,4.68,,,,,0.00,0.00,,0,0,1,52.80,13.33,34.60,
10223,2025-10-31,06:09:00,0.00,0.00,4.68,,,,,0.00,0.00,,0,0,1,52.80,13.48,34.60,
10223,2025-10-31,06:10:00,0.00,0.00,4.68,,,,,0.00,0.00,,0,0,1,52.90,12.95,34.60,
10223,2025-10-31,06:11:00,4.676,0.00,4.68,,,,,0.00,0.00,,1,0,1,52.90,13.36,34.60,
10223,2025-10-31,06:12:00,4.633,0.04,4.68,,,,,0.00,0.00,,1,0,1,53.00,13.51,34.60,
10223,2025-10-31,06:13:00,4.675,0.00,4.68,,,,,0.00,0.00,,1,0,1,52.90,13.07,34.60,
10223,2025-10-31,06:14:00,4.675,0.00,4.68,,,,,0.00,0.00,,1,0,1,53.10,12.98,34.70,
10223,2025-10-31,06:15:00,0.00,0.00,4.68,,,,,0.00,0.00,,0,0,1,53.10,13.45,34.70,
10223,2025-10-31,06:16:00,4.672,0.00,4.68,,,,,0.00,0.00,,1,0,1,53.20,13.07,34.70,
10223,2025-10-31,06:17:00,0.00,0.00,4.68,,,,,0.00,0.00,,0,0,1,53.20,13.07,34.70,
10223,2025-10-31,06:18:00,0.00,0.00,4.68,,,,,0.00,0.00,,0,0,1,53.30,13.21,34.80,
10223,2025-10-31,06:19:00,0.00,0.00,4.68,,,,,0.00,0.00,,0,0,1,53.30,13.18,34.80,
10223,2025-10-31,06:20:00,4.672,0.00,4.68,,,,,0.00,0.00,,1,0,1,53.30,13.62,34.80,
10223,2025-10-31,06:21:00,0.00,0.00,4.68,,,,,0.00,0.00,,0,0,1,53.30,13.36,34.80,
10223,2025-10-31,06:22:00,0.00,0.00,4.68,,,,,0.00,0.00,,0,0,1,53.40,13.62,34.90,
10223,2025-10-31,06:23:00,0.00,0.00,4.68,,,,,0.00,0.00,,0,0,1,53.50,13.62,34.90,
10223,2025-10-31,06:24:00,0.00,0.00,4.68,,,,,0.00,0.00,,0,0,1,53.40,13.30,34.90,
10223,2025-10-31,06:25:00,4.676,0.00,4.68,,,,,0.00,0.00,,1,0,1,53.40,13.62,34.90,
10223,2025-10-31,06:26:00,4.629,0.05,4.68,,,,,0.00,0.00,,1,0,1,53.60,13.62,35.00,
10223,2025-10-31,06:27:00,0.00,0.05,4.68,,,,,0.00,0.00,,0,0,1,53.50,13.71,35.00,
10223,2025-10-31,06:28:00,0.011,4.66,4.68,,,,,0.00,0.00,,1,0,1,53.60,13.71,35.00,
10223,2025-10-31,06:29:00,0.00,4.66,4.68,,,,,0.00,0.00,,0,0,1,53.60,13.74,35.10,
10223,2025-10-31,06:31:00,0.00,0.00,4.68,,,,,0.00,0.00,,0,0,,53.60,13.54,35.10,
10223,2025-10-31,06:32:00,4.676,0.00,4.68,,,,,0.00,0.00,,1,0,1,53.70,13.18,35.20,
10223,2025-10-31,06:33:00,0.00,0.00,4.68,,,,,0.00,0.00,,0,0,1,53.70,13.71,35.20,
10223,2025-10-31,06:34:00,0.00,0.00,4.68,,,,,0.00,0.00,,0,0,1,53.70,13.18,35.20,
10223,2025-10-31,06:35:00,4.676,0.00,4.68,,,,,0.00,0.00,,1,0,1,53.70,13.30,35.30,
10223,2025-10-31,06:36:00,0.00,0.00,4.68,,,,,0.00,0.00,,0,0,1,53.70,13.21,35.30,
10223,2025-10-31,06:37:00,0.00,0.00,4.68,,,,,0.00,0.00,,0,0,1,53.80,13.36,35.40,
10223,2025-10-31,06:39:00,4.675,0.00,4.68,,,,,0.00,0.00,,1,0,,53.80,13.80,35.40,
10223,2025-10-31,06:40:00,4.676,0.00,4.68,,,,,0.00,0.00,,1,0,1,53.80,13.45,35.50,
10223,2025-10-31,06:41:00,0.00,0.00,4.68,,,,,0.00,0.00,,0,0,1,53.90,13.42,35.50,
10223,2025-10-31,06:42:00,4.675,0.00,4.68,,,,,0.00,0.00,,1,0,1,53.90,13.65,35.50,
10223,2025-10-31,06:43:00,0.00,0.00,4.68,,,,,0.00,0.00,,0,0,1,53.90,13.42,35.60,
10223,2025-10-31,06:45:00,4.671,0.00,4.68,,,,,0.00,0.00,,1,0,,54.00,13.36,35.70,
10223,2025-10-31,06:46:00,0.00,0.00,4.68,,,,,0.00,0.00,,0,0,1,54.00,13.36,35.70,
10223,2025-10-31,06:47:00,0.00,0.00,4.68,,,,,0.00,0.00,,0,0,1,54.00,13.92,35.80,
10223,2025-10-31,06:48:00,0.00,0.00,4.68,,,,,0.00,0.00,,0,0,1,54.00,13.42,35.80,
10223,2025-10-31,06:49:00,0.00,0.00,4.68,,,,,0.00,0.00,,0,0,1,54.10,13.97,35.90,
10223,2025-10-31,06:50:00,4.676,0.00,4.68,,,,,0.00,0.00,,1,0,1,54.10,13.80,35.90,
10223,2025-10-31,06:51:00,0.00,0.00,4.68,,,,,0.00,0.00,,0,0,1,54.10,13.97,36.00,
10223,2025-10-31,06:52:00,4.675,0.00,4.68,,,,,0.00,0.00,,1,0,1,54.10,13.65,36.00,
10223,2025-10-31,06:53:00,0.00,0.00,4.68,,,,,0.00,0.00,,0,0,1,54.10,13.95,36.00,
10223,2025-10-31,06:55:00,0.00,0.00,4.68,,,,,0.00,0.00,,0,0,,54.30,14.00,36.10,
10223,2025-10-31,06:57:00,4.675,0.00,4.68,,,,,0.00,0.00,,1,0,,54.20,13.71,36.20,
10223,2025-10-31,06:58:00,0.00,0.00,4.68,,,,,0.00,0.00,,0,0,1,54.30,14.09,36.30,
10223,2025-10-31,07:00:00,0.00,0.00,4.68,,,,,0.00,0.00,,0,0,,54.40,14.15,36.40,
10223,2025-10-31,07:01:00,0.00,0.00,4.68,,,,,0.00,0.00,,0,0,1,54.30,13.65,36.40,
10223,2025-10-31,07:03:00,0.00,0.00,4.68,,,,,0.00,0.00,,0,0,,54.40,13.68,36.50,
10223,2025-10-31,07:04:00,0.00,0.00,4.68,,,,,0.00,0.00,,0,0,1,54.40,13.89,36.50,
10223,2025-10-31,07:06:00,4.671,0.00,4.68,,,,,0.00,0.00,,1,0,,54.40,13.65,36.60,
10223,2025-10-31,07:07:00,0.00,0.00,4.68,,,,,0.00,0.00,,0,0,1,54.50,13.68,36.70,
10223,2025-10-31,07:08:00,0.00,0.00,4.68,,,,,0.00,0.00,,0,0,1,54.40,13.65,36.70,
10223,2025-10-31,07:09:00,0.00,0.00,4.68,,,,,0.00,0.00,,0,0,1,54.50,13.68,36.80,
10223,2025-10-31,07:10:00,4.675,0.00,4.68,,,,,0.00,0.00,,1,0,1,54.50,14.15,36.90,
10223,2025-10-31,07:11:00,0.00,0.00,4.68,,,,,0.00,0.00,,0,0,1,54.50,14.12,36.90,
10223,2025-10-31,07:12:00,0.00,0.00,4.68,,,,,0.00,0.00,,0,0,1,54.50,14.06,37.00,
10223,2025-10-31,07:14:00,4.629,0.05,4.68,,,,,0.00,0.00,,1,0,,54.60,13.56,37.10,
10223,2025-10-31,07:16:00,0.00,0.00,4.68,,,,,0.00,0.00,,0,0,,54.60,14.06,37.20,
10223,2025-10-31,07:17:00,4.675,0.00,4.68,,,,,0.00,0.00,,1,0,1,54.60,13.95,37.20,
10223,2025-10-31,07:18:00,4.675,0.00,4.68,,,,,0.00,0.00,,1,0,1,54.60,14.21,37.20,
10223,2025-10-31,07:19:00,0.00,0.00,4.68,,,,,0.00,0.00,,0,0,1,54.70,14.06,37.30,
10223,2025-10-31,07:20:00,0.00,0.00,4.68,,,,,0.00,0.00,,0,0,1,54.60,14.00,37.30,
10223,2025-10-31,07:21:00,0.00,0.00,4.68,,,,,0.00,0.00,,0,0,1,54.60,13.92,37.30,
10223,2025-10-31,07:22:00,0.00,0.00,4.68,,,,,0.00,0.00,,0,0,1,54.60,14.09,37.40,
10223,2025-10-31,07:23:00,0.00,0.00,4.68,,,,,0.00,0.00,,0,0,1,54.60,13.65,37.40,
10223,2025-10-31,07:24:00,0.00,0.00,4.68,,,,,0.00,0.00,,0,0,1,54.60,13.68,37.50,
10223,2025-10-31,07:25:00,0.00,0.00,4.68,,,,,0.00,0.00,,0,0,1,54.60,14.18,37.50,
10223,2025-10-31,07:26:00,4.675,0.00,4.68,,,,,0.00,0.00,,1,0,1,54.60,13.68,37.60,
10223,2025-10-31,07:27:00,0.00,0.00,4.68,,,,,0.00,0.00,,0,0,1,54.60,13.80,37.60,
10223,2025-10-31,07:28:00,0.00,0.00,4.68,,,,,0.00,0.00,,0,0,1,54.70,13.97,37.70,
10223,2025-10-31,07:29:00,0.00,0.00,4.68,,,,,0.00,0.00,,0,0,1,54.60,13.95,37.70,
10223,2025-10-31,07:30:00,0.00,0.00,4.68,,,,,0.00,0.00,,0,0,1,54.60,14.12,37.80,
10223,2025-10-31,07:31:00,0.00,0.00,4.68,,,,,0.00,0.00,,0,0,1,54.60,13.77,37.80,
10223,2025-10-31,07:32:00,0.00,0.00,4.68,,,,,0.00,0.00,,0,0,1,54.50,14.21,37.80,
10223,2025-10-31,07:33:00,0.00,0.00,4.68,,,,,0.00,0.00,,0,0,1,54.50,14.09,37.90,
10223,2025-10-31,07:34:00,0.00,0.00,4.68,,,,,0.00,0.00,,0,0,1,54.50,14.09,37.90,
10223,2025-10-31,07:35:00,0.00,0.00,4.68,,,,,0.00,0.00,,0,0,1,54.50,13.68,37.90,
10223,2025-10-31,07:36:00,0.00,0.00,4.68,,,,,0.00,0.00,,0,0,1,54.50,14.12,37.90,
10223,2025-10-31,07:37:00,0.00,0.00,4.68,,,,,0.00,0.00,,0,0,1,54.50,14.15,38.00,
10223,2025-10-31,07:38:00,0.00,0.00,4.68,,,,,0.00,0.00,,0,0,1,54.40,14.09,37.90,
10223,2025-10-31,07:40:00,0.00,0.00,4.68,,,,,0.00,0.00,,0,0,,54.40,14.00,38.00,
10223,2025-10-31,07:41:00,0.00,0.00,4.68,,,,,0.00,0.00,,0,0,1,54.40,13.71,38.00,
10223,2025-10-31,07:42:00,0.00,0.00,4.68,,,,,0.00,0.00,,0,0,1,54.40,13.89,38.10,
10223,2025-10-31,07:43:00,4.675,0.00,4.68,,,,,0.00,0.00,,1,0,1,54.40,13.68,38.10,
10223,2025-10-31,07:44:00,0.00,0.00,4.68,,,,,0.00,0.00,,0,0,1,54.40,14.15,38.10,
10223,2025-10-31,07:45:00,0.00,0.00,4.68,,,,,0.00,0.00,,0,0,1,54.40,14.21,38.20,
10223,2025-10-31,07:46:00,0.00,0.00,4.68,,,,,0.00,0.00,,0,0,1,54.40,13.89,38.20,
10223,2025-10-31,07:47:00,0.00,0.00,4.68,,,,,0.00,0.00,,0,0,1,54.40,14.03,38.20,
10223,2025-10-31,07:48:00,0.00,0.00,4.68,,,,,0.00,0.00,,0,0,1,54.30,13.65,38.20,
10223,2025-10-31,07:49:00,0.00,0.00,4.68,,,,,0.00,0.00,,0,0,1,54.30,14.21,38.30,
10223,2025-10-31,07:50:00,0.00,0.00,4.68,,,,,0.00,0.00,,0,0,1,54.30,14.21,38.30,
10223,2025-10-31,07:51:00,0.00,0.00,4.68,,,,,0.00,0.00,,0,0,1,54.40,13.65,38.40,
10223,2025-10-31,07:52:00,0.00,0.00,4.68,,,,,0.00,0.00,,0,0,1,54.30,13.65,38.40,
10223,2025-10-31,07:53:00,0.00,0.00,4.68,,,,,0.00,0.00,,0,0,1,54.30,13.95,38.50,
10223,2025-10-31,07:54:00,0.00,0.00,4.68,,,,,0.00,0.00,,0,0,1,54.20,13.83,38.50,
10223,2025-10-31,07:55:00,0.00,0.00,4.68,,,,,0.00,0.00,,0,0,1,54.20,14.21,38.50,
10223,2025-10-31,07:56:00,0.00,0.00,4.68,,,,,0.00,0.00,,0,0,1,54.20,14.27,38.50,
10223,2025-10-31,07:57:00,0.00,0.00,4.68,,,,,0.00,0.00,,0,0,1,54.20,13.92,38.50,
10223,2025-10-31,07:58:00,4.675,0.00,4.68,,,,,0.00,0.00,,1,0,1,54.10,13.89,38.50,
10223,2025-10-31,07:59:00,0.00,0.00,4.68,,,,,0.00,0.00,,0,0,1,54.10,14.36,38.60,
10223,2025-10-31,08:00:00,0.00,0.00,4.68,,,,,0.00,0.00,,0,0,1,54.10,14.38,38.60,
10223,2025-10-31,08:01:00,0.00,0.00,4.68,,,,,0.00,0.00,,0,0,1,54.10,14.38,38.60,
10223,2025-10-31,08:03:00,0.00,0.00,4.68,,,,,0.00,0.00,,0,0,,54.10,13.89,38.70,
10223,2025-10-31,08:05:00,0.00,0.00,4.68,,,,,0.00,0.00,,0,0,,54.10,13.86,38.70,
10223,2025-10-31,08:06:00,0.00,0.00,4.68,,,,,0.00,0.00,,0,0,1,54.10,14.12,38.70,
10223,2025-10-31,08:08:00,0.00,0.00,4.68,,,,,0.00,0.00,,0,0,,54.00,14.00,38.70,
10223,2025-10-31,08:09:00,0.00,0.00,4.68,,,,,0.00,0.00,,0,0,1,54.10,14.21,38.80,
10223,2025-10-31,08:10:00,0.00,0.00,4.68,,,,,0.00,0.00,,0,0,1,54.10,14.38,38.80,
10223,2025-10-31,08:11:00,0.00,0.00,4.68,,,,,0.00,0.00,,0,0,1,54.10,14.30,38.80,
10223,2025-10-31,08:12:00,0.00,0.00,4.68,,,,,0.00,0.00,,0,0,1,54.10,14.21,38.90,
10223,2025-10-31,08:13:00,0.00,0.00,4.68,,,,,0.00,0.00,,0,0,1,54.10,13.83,38.90,
10223,2025-10-31,08:14:00,4.672,0.00,4.68,,,,,0.00,0.00,,1,0,1,54.10,13.83,39.00,
10223,2025-10-31,08:15:00,4.675,0.00,4.68,,,,,0.00,0.00,,1,0,1,54.10,14.00,39.00,
10223,2025-10-31,08:16:00,0.00,0.00,4.68,,,,,0.00,0.00,,0,0,1,54.10,14.33,39.00,
10223,2025-10-31,08:17:00,0.00,0.00,4.68,,,,,0.00,0.00,,0,0,1,54.10,13.95,39.10,
10223,2025-10-31,08:18:00,0.00,0.00,4.68,,,,,0.00,0.00,,0,0,1,54.10,14.21,39.10,
10223,2025-10-31,08:19:00,0.00,0.00,4.68,,,,,0.00,0.00,,0,0,1,54.00,14.12,39.10,
10223,2025-10-31,08:20:00,0.00,0.00,4.68,,,,,0.00,0.00,,0,0,1,54.10,13.68,39.20,
10223,2025-10-31,08:21:00,0.00,0.00,4.68,,,,,0.00,0.00,,0,0,1,54.00,14.06,39.20,
10223,2025-10-31,08:23:00,0.00,0.00,4.68,,,,,0.00,0.00,,0,0,,54.00,14.06,39.30,
10223,2025-10-31,08:24:00,0.00,0.00,4.68,,,,,0.00,0.00,,0,0,1,53.90,13.83,39.30,
10223,2025-10-31,08:25:00,0.00,0.00,4.68,,,,,0.00,0.00,,0,0,1,53.90,13.89,39.30,
10223,2025-10-31,08:26:00,0.00,0.00,4.68,,,,,0.00,0.00,,0,0,1,53.90,13.77,39.30,
10223,2025-10-31,08:27:00,0.00,0.00,4.68,,,,,0.00,0.00,,0,0,1,53.90,14.27,39.30,
10223,2025-10-31,08:28:00,0.00,0.00,4.68,,,,,0.00,0.00,,0,0,1,53.80,14.38,39.30,
10223,2025-10-31,08:29:00,0.00,0.00,4.68,,,,,0.00,0.00,,0,0,1,53.90,13.77,39.40,
10223,2025-10-31,08:30:00,0.00,0.00,4.68,,,,,0.00,0.00,,0,0,1,53.80,14.06,39.40,
10223,2025-10-31,08:31:00,0.00,0.00,4.68,,,,,0.00,0.00,,0,0,1,53.80,13.83,39.40,
10223,2025-10-31,08:33:00,0.00,0.00,4.68,,,,,0.00,0.00,,0,0,,53.80,14.00,39.40,
10223,2025-10-31,08:34:00,0.00,0.00,4.68,,,,,0.00,0.00,,0,0,1,53.70,14.24,39.40,
10223,2025-10-31,08:35:00,0.00,0.00,4.68,,,,,0.00,0.00,,0,0,1,53.70,13.83,39.40,
10223,2025-10-31,08:36:00,4.676,0.00,4.68,,,,,0.00,0.00,,1,0,1,53.70,14.06,39.40,
10223,2025-10-31,08:37:00,0.00,0.00,4.68,,,,,0.00,0.00,,0,0,1,53.70,14.24,39.40,
10223,2025-10-31,08:39:00,0.00,0.00,4.68,,,,,0.00,0.00,,0,0,,53.60,14.06,39.40,
10223,2025-10-31,08:40:00,0.00,0.00,4.68,,,,,0.00,0.00,,0,0,1,53.50,13.89,39.40,
10223,2025-10-31,08:41:00,0.00,0.00,4.68,,,,,0.00,0.00,,0,0,1,53.40,13.77,39.40,
10223,2025-10-31,08:42:00,0.00,0.00,4.68,,,,,0.00,0.00,,0,0,1,53.40,14.12,39.40,
10223,2025-10-31,08:44:00,0.00,0.00,4.68,,,,,0.00,0.00,,0,0,,53.30,13.83,39.40,
10223,2025-10-31,08:45:00,0.00,0.00,4.68,,,,,0.00,0.00,,0,0,1,53.10,14.38,39.30,
10223,2025-10-31,08:47:00,0.00,0.00,4.68,,,,,0.00,0.00,,0,0,,53.10,13.77,39.30,
10223,2025-10-31,08:48:00,0.00,0.00,4.68,,,,,0.00,0.00,,0,0,1,53.10,14.12,39.30,
10223,2025-10-31,08:49:00,0.00,0.00,4.68,,,,,0.00,0.00,,0,0,1,53.10,14.33,39.30,
10223,2025-10-31,08:50:00,0.00,0.00,4.68,,,,,0.00,0.00,,0,0,1,53.00,13.89,39.20,
10223,2025-10-31,08:52:00,0.00,0.00,4.68,,,,,0.00,0.00,,0,0,,53.00,14.27,39.20,
10223,2025-10-31,08:54:00,0.00,0.00,4.68,,,,,0.00,0.00,,0,0,,53.00,13.95,39.10,
10223,2025-10-31,08:56:00,0.00,0.00,4.68,,,,,0.00,0.00,,0,0,,52.90,14.06,39.00,
10223,2025-10-31,08:57:00,0.00,0.00,4.68,,,,,0.00,0.00,,0,0,1,53.00,14.44,39.00,
10223,2025-10-31,08:58:00,4.675,0.00,4.68,,,,,0.00,0.00,,1,0,1,52.90,13.92,39.00,
10223,2025-10-31,08:59:00,0.00,0.00,4.68,,,,,0.00,0.00,,0,0,1,52.90,14.18,39.00,
10223,2025-10-31,09:00:00,0.00,0.00,4.68,,,,,0.00,0.00,,0,0,1,52.90,14.03,39.00,
10223,2025-10-31,09:02:00,0.00,0.00,4.68,,,,,0.00,0.00,,0,0,,52.90,13.83,38.90,
10223,2025-10-31,09:03:00,0.00,0.00,4.68,,,,,0.00,0.00,,0,0,1,52.90,13.89,38.90,
10223,2025-10-31,09:04:00,0.00,0.00,4.68,,,,,0.00,0.00,,0,0,1,53.00,13.83,38.90,
10223,2025-10-31,09:05:00,0.00,0.00,4.68,,,,,0.00,0.00,,0,0,1,52.90,14.27,38.80,
10223,2025-10-31,09:06:00,0.00,0.00,4.68,,,,,0.00,0.00,,0,0,1,53.00,14.27,38.80,
10223,2025-10-31,09:08:00,0.00,0.00,4.68,,,,,0.00,0.00,,0,0,,53.00,14.38,38.80,
10223,2025-10-31,09:09:00,0.00,0.00,4.68,,,,,0.00,0.00,,0,0,1,53.00,14.21,38.80,
10223,2025-10-31,09:10:00,0.00,0.00,4.68,,,,,0.00,0.00,,0,0,1,53.00,14.15,38.70,
10223,2025-10-31,09:12:00,0.00,0.00,4.68,,,,,0.00,0.00,,0,0,,53.00,14.12,38.70,
10223,2025-10-31,09:13:00,0.00,0.00,4.68,,,,,0.00,0.00,,0,0,1,53.00,14.12,38.70,
10223,2025-10-31,09:15:00,0.00,0.00,4.68,,,,,0.00,0.00,,0,0,,53.10,14.27,38.70,
10223,2025-10-31,09:16:00,0.00,0.00,4.68,,,,,0.00,0.00,,0,0,1,53.10,13.86,38.70,
10223,2025-10-31,09:18:00,0.00,0.00,4.68,,,,,0.00,0.00,,0,0,,53.10,13.77,38.60,
10223,2025-10-31,09:20:00,0.00,0.00,4.68,,,,,0.00,0.00,,0,0,,53.10,13.77,38.60,
10223,2025-10-31,09:21:00,0.00,0.00,4.68,,,,,0.00,0.00,,0,0,1,53.10,14.27,38.60,
10223,2025-10-31,09:22:00,0.00,0.00,4.68,,,,,0.00,0.00,,0,0,1,53.10,14.18,38.60,
10223,2025-10-31,09:23:00,0.00,0.00,4.68,,,,,0.00,0.00,,0,0,1,53.20,13.77,38.60,
10223,2025-10-31,09:25:00,0.00,0.00,4.68,,,,,0.00,0.00,,0,0,,53.20,14.27,38.60,
10223,2025-10-31,09:26:00,4.676,0.00,4.68,,,,,0.00,0.00,,1,0,1,53.20,13.71,38.60,
10223,2025-10-31,09:27:00,0.00,0.00,4.68,,,,,0.00,0.00,,0,0,1,53.20,14.27,38.60,
10223,2025-10-31,09:29:00,0.00,0.00,4.68,,,,,0.00,0.00,,0,0,,53.20,13.83,38.60,
10223,2025-10-31,09:30:00,0.00,0.00,4.68,,,,,0.00,0.00,,0,0,1,53.20,14.21,38.60,
10223,2025-10-31,09:31:00,0.00,0.00,4.68,,,,,0.00,0.00,,0,0,1,53.20,14.06,38.60,
10223,2025-10-31,09:33:00,0.00,0.00,4.68,,,,,0.00,0.00,,0,0,,53.20,13.77,38.60,
10223,2025-10-31,09:35:00,0.00,0.00,4.68,,,,,0.00,0.00,,0,0,,53.20,14.21,38.60,
10223,2025-10-31,09:36:00,0.00,0.00,4.68,,,,,0.00,0.00,,0,0,1,53.10,14.27,38.60,
10223,2025-10-31,09:37:00,4.676,0.00,4.68,,,,,0.00,0.00,,1,0,1,53.10,14.27,38.60,
10223,2025-10-31,09:38:00,0.00,0.00,4.68,,,,,0.00,0.00,,0,0,1,53.10,13.77,38.60,
10223,2025-10-31,09:40:00,0.00,0.00,4.68,,,,,0.00,0.00,,0,0,,53.10,14.06,38.50,
10223,2025-10-31,09:41:00,0.00,0.00,4.68,,,,,0.00,0.00,,0,0,1,53.10,14.41,38.60,
10223,2025-10-31,09:43:00,0.00,0.00,4.68,,,,,0.00,0.00,,0,0,,53.00,14.12,38.50,
10223,2025-10-31,09:44:00,0.00,0.00,4.68,,,,,0.00,0.00,,0,0,1,53.00,14.06,38.50,
10223,2025-10-31,09:45:00,4.671,0.00,4.68,,,,,0.00,0.00,,1,0,1,53.00,13.77,38.50,
10223,2025-10-31,09:46:00,4.675,0.00,4.68,,,,,0.00,0.00,,1,0,1,52.90,14.06,38.50,
10223,2025-10-31,09:47:00,0.00,0.00,4.68,,,,,0.00,0.00,,0,0,1,52.90,14.27,38.50,
10223,2025-10-31,09:48:00,0.00,0.00,4.68,,,,,0.00,0.00,,0,0,1,53.00,13.86,38.50,
10223,2025-10-31,09:50:00,0.00,0.00,4.68,,,,,0.00,0.00,,0,0,,52.90,14.12,38.40,
10223,2025-10-31,09:51:00,4.675,0.00,4.68,,,,,0.00,0.00,,1,0,1,52.90,14.33,38.40,
10223,2025-10-31,09:52:00,0.00,0.00,4.68,,,,,0.00,0.00,,0,0,1,52.90,13.89,38.40,
10223,2025-10-31,09:53:00,0.00,0.00,4.68,,,,,0.00,0.00,,0,0,1,52.90,14.21,38.40,
10223,2025-10-31,09:54:00,0.00,0.00,4.68,,,,,0.00,0.00,,0,0,1,52.90,13.77,38.40,
10223,2025-10-31,09:56:00,0.00,0.00,4.68,,,,,0.00,0.00,,0,0,,52.90,13.89,38.40,
10223,2025-10-31,09:58:00,0.00,0.00,4.68,,,,,0.00,0.00,,0,0,,52.90,14.38,38.40,
10223,2025-10-31,10:00:00,0.00,0.00,4.68,,,,,0.00,0.00,,0,0,,52.90,13.77,38.40,
10223,2025-10-31,10:02:00,0.00,0.00,4.68,,,,,0.00,0.00,,0,0,,52.90,14.00,38.40,
10223,2025-10-31,10:04:00,0.00,0.00,4.68,,,,,0.00,0.00,,0,0,,52.80,14.12,38.30,
10223,2025-10-31,10:06:00,0.00,0.00,4.68,,,,,0.00,0.00,,0,0,,52.80,14.00,38.30,
10223,2025-10-31,10:08:00,0.00,0.00,4.68,,,,,0.00,0.00,,0,0,,52.80,14.21,38.30,
10223,2025-10-31,10:10:00,0.00,0.00,4.68,,,,,0.00,0.00,,0,0,,52.80,13.89,38.30,
10223,2025-10-31,10:11:00,0.00,0.00,4.68,,,,,0.00,0.00,,0,0,1,52.80,13.77,38.30,
10223,2025-10-31,10:13:00,0.00,0.00,4.68,,,,,0.00,0.00,,0,0,,52.80,13.83,38.30,
10223,2025-10-31,10:15:00,0.00,0.00,4.68,,,,,0.00,0.00,,0,0,,52.80,14.27,38.30,
10223,2025-10-31,10:17:00,0.00,0.00,4.68,,,,,0.00,0.00,,0,0,,52.80,13.89,38.30,
10223,2025-10-31,10:19:00,0.00,0.00,4.68,,,,,0.00,0.00,,0,0,,52.80,14.27,38.20,
10223,2025-10-31,10:20:00,0.00,0.00,4.68,,,,,0.00,0.00,,0,0,1,52.70,14.33,38.20,
10223,2025-10-31,10:22:00,4.629,0.05,4.68,,,,,0.00,0.00,,1,0,,52.80,14.00,38.30,
10223,2025-10-31,10:23:00,0.00,0.05,4.68,,,,,0.00,0.00,,0,0,1,52.70,14.09,38.20,
10223,2025-10-31,10:25:00,0.00,0.00,4.68,,,,,0.00,0.00,,0,0,,52.80,14.18,38.20,
10223,2025-10-31,10:27:00,0.00,0.00,4.68,,,,,0.00,0.00,,0,0,,52.80,14.27,38.20,
10223,2025-10-31,10:29:00,0.00,0.00,4.68,,,,,0.00,0.00,,0,0,,52.80,14.15,38.20,
10223,2025-10-31,10:31:00,0.00,0.00,4.68,,,,,0.00,0.00,,0,0,,52.80,13.97,38.30,
10223,2025-10-31,10:33:00,0.00,0.00,4.68,,,,,0.00,0.00,,0,0,,52.90,14.12,38.30,
10223,2025-10-31,10:35:00,0.00,0.00,4.68,,,,,0.00,0.00,,0,0,,52.80,14.18,38.20,
10223,2025-10-31,10:37:00,4.675,0.00,4.68,,,,,0.00,0.00,,1,0,,52.80,13.77,38.20,
10223,2025-10-31,10:38:00,0.00,0.00,4.68,,,,,0.00,0.00,,0,0,1,52.80,14.00,38.30,
10223,2025-10-31,10:40:00,0.00,0.00,4.68,,,,,0.00,0.00,,0,0,,52.80,14.30,38.30,
10223,2025-10-31,10:42:00,0.00,0.44,4.68,,,,,0.00,0.00,,0,0,,52.80,14.24,38.30,
10223,2025-10-31,10:44:00,4.672,0.00,4.68,,,,,0.00,0.00,,1,0,,52.80,13.83,38.30,
10223,2025-10-31,10:45:00,0.00,0.00,4.68,,,,,0.00,0.00,,0,0,1,52.70,13.77,38.30,
10223,2025-10-31,10:46:00,0.00,0.00,4.68,,,,,0.00,0.00,,0,0,1,52.80,13.77,38.40,
10223,2025-10-31,10:47:00,0.00,0.00,4.68,,,,,0.00,0.00,,0,0,1,52.60,14.44,38.30,
10223,2025-10-31,10:48:00,0.00,0.00,4.68,,,,,0.00,0.00,,0,0,1,52.60,14.21,38.30,
10223,2025-10-31,10:50:00,0.00,0.00,4.68,,,,,0.00,0.00,,0,0,,52.60,13.89,38.30,
10223,2025-10-31,10:52:00,0.00,0.00,4.68,,,,,0.00,0.00,,0,0,,52.70,14.00,38.40,
10223,2025-10-31,10:54:00,0.00,0.00,4.68,,,,,0.00,0.00,,0,0,,52.60,14.38,38.30,
10223,2025-10-31,10:55:00,0.00,0.00,4.68,,,,,0.00,0.00,,0,0,1,52.60,14.21,38.40,
10223,2025-10-31,10:57:00,0.00,0.00,4.68,,,,,0.00,0.00,,0,0,,52.60,14.18,38.40,
10223,2025-10-31,10:58:00,0.00,0.00,4.68,,,,,0.00,0.00,,0,0,1,52.50,14.15,38.40,
10223,2025-10-31,10:59:00,0.00,0.00,4.68,,,,,0.00,0.00,,0,0,1,52.50,14.15,38.40,
10223,2025-10-31,11:01:00,0.00,0.00,4.68,,,,,0.00,0.00,,0,0,,52.50,14.21,38.40,
10223,2025-10-31,11:03:00,0.00,0.00,4.68,,,,,0.00,0.00,,0,0,,52.50,13.77,38.40,
10223,2025-10-31,11:05:00,0.00,0.00,4.68,,,,,0.00,0.00,,0,0,,52.50,13.89,38.40,
10223,2025-10-31,11:07:00,0.00,0.00,4.68,,,,,0.00,0.00,,0,0,,52.50,14.38,38.40,
10223,2025-10-31,11:08:00,0.00,0.00,4.68,,,,,0.00,0.00,,0,0,1,52.50,13.77,38.40,
10223,2025-10-31,11:10:00,0.00,0.00,4.68,,,,,0.00,0.00,,0,0,,52.50,13.89,38.40,
10223,2025-10-31,11:12:00,0.00,0.00,4.68,,,,,0.00,0.00,,0,0,,52.50,13.83,38.40,
10223,2025-10-31,11:14:00,0.00,0.00,4.68,,,,,0.00,0.00,,0,0,,52.50,13.77,38.40,
10223,2025-10-31,11:16:00,0.00,0.00,4.68,,,,,0.00,0.00,,0,0,,52.40,14.03,38.40,
10223,2025-10-31,11:18:00,0.00,0.00,4.68,,,,,0.00,0.00,,0,0,,52.40,14.00,38.40,
10223,2025-10-31,11:19:00,0.00,0.00,4.68,,,,,0.00,0.00,,0,0,1,52.40,14.09,38.40,
10223,2025-10-31,11:21:00,0.00,0.00,4.68,,,,,0.00,0.00,,0,0,,52.40,13.89,38.40,
10223,2025-10-31,11:23:00,4.676,0.00,4.68,,,,,0.00,0.00,,1,0,,52.50,14.21,38.40,
10223,2025-10-31,11:24:00,0.00,0.00,4.68,,,,,0.00,0.00,,0,0,1,52.40,14.27,38.40,
10223,2025-10-31,11:26:00,0.00,0.00,4.68,,,,,0.00,0.00,,0,0,,52.40,13.89,38.40,
10223,2025-10-31,11:27:00,0.00,0.00,4.68,,,,,0.00,0.00,,0,0,1,52.40,14.27,38.40,
10223,2025-10-31,11:29:00,0.00,0.00,4.68,,,,,0.00,0.00,,0,0,,52.40,14.18,38.40,
10223,2025-10-31,11:30:00,4.675,0.00,4.68,,,,,0.00,0.00,,1,0,1,52.30,14.00,38.40,
10223,2025-10-31,11:31:00,0.00,0.00,4.68,,,,,0.00,0.00,,0,0,1,52.30,14.27,38.30,
10223,2025-10-31,11:32:00,0.00,0.00,4.68,,,,,0.00,0.00,,0,0,1,52.20,14.27,38.30,
10223,2025-10-31,11:33:00,0.00,0.00,4.68,,,,,0.00,0.00,,0,0,1,52.20,14.15,38.30,
10223,2025-10-31,11:35:00,0.00,0.00,4.68,,,,,0.00,0.00,,0,0,,52.20,14.15,38.30,
10223,2025-10-31,11:36:00,0.00,0.00,4.68,,,,,0.00,0.00,,0,0,1,52.20,14.24,38.40,
10223,2025-10-31,11:37:00,0.00,0.00,4.68,,,,,0.00,0.00,,0,0,1,52.20,14.21,38.30,
10223,2025-10-31,11:39:00,0.00,0.00,4.68,,,,,0.00,0.00,,0,0,,52.20,14.09,38.30,
10223,2025-10-31,11:40:00,0.00,0.00,4.68,,,,,0.00,0.00,,0,0,1,52.20,14.21,38.30,
10223,2025-10-31,11:41:00,0.00,0.00,4.68,,,,,0.00,0.00,,0,0,1,52.20,14.27,38.30,
10223,2025-10-31,11:43:00,0.00,0.00,4.68,,,,,0.00,0.00,,0,0,,52.20,13.77,38.30,
10223,2025-10-31,11:44:00,0.00,0.00,4.68,,,,,0.00,0.00,,0,0,1,52.30,14.06,38.40,
10223,2025-10-31,11:45:00,0.00,0.00,4.68,,,,,0.00,0.00,,0,0,1,52.20,13.77,38.30,
10223,2025-10-31,11:46:00,0.00,0.00,4.68,,,,,0.00,0.00,,0,0,1,52.20,14.09,38.30,
10223,2025-10-31,11:48:00,0.00,0.00,4.68,,,,,0.00,0.00,,0,0,,52.30,14.27,38.40,
10223,2025-10-31,11:50:00,0.00,0.00,4.68,,,,,0.00,0.00,,0,0,,52.30,13.92,38.40,
10223,2025-10-31,11:51:00,0.00,0.00,4.68,,,,,0.00,0.00,,0,0,1,52.20,13.77,38.30,
10223,2025-10-31,11:52:00,0.00,0.00,4.68,,,,,0.00,0.00,,0,0,1,52.30,14.03,38.30,
10223,2025-10-31,11:53:00,0.00,0.00,4.68,,,,,0.00,0.00,,0,0,1,52.30,14.24,38.40,
10223,2025-10-31,11:54:00,0.00,0.00,4.68,,,,,0.00,0.00,,0,0,1,52.30,13.92,38.40,
10223,2025-10-31,11:56:00,0.00,0.00,4.68,,,,,0.00,0.00,,0,0,,52.30,14.27,38.40,
10223,2025-10-31,11:57:00,0.00,0.00,4.68,,,,,0.00,0.00,,0,0,1,52.30,14.18,38.40,
10223,2025-10-31,11:58:00,0.00,0.00,4.68,,,,,0.00,0.00,,0,0,1,52.30,14.27,38.40,
10223,2025-10-31,11:59:00,0.00,0.00,4.68,,,,,0.00,0.00,,0,0,1,52.20,14.27,38.40,
10223,2025-10-31,12:00:00,0.00,0.00,4.68,,,,,0.00,0.00,,0,0,1,52.20,13.80,38.40,
10223,2025-10-31,12:01:00,0.00,0.00,4.68,,,,,0.00,0.00,,0,0,1,52.20,14.27,38.40,
10223,2025-10-31,12:03:00,0.00,0.00,4.68,,,,,0.00,0.00,,0,0,,52.30,13.77,38.50,
10223,2025-10-31,12:05:00,0.00,0.00,4.68,,,,,0.00,0.00,,0,0,,52.20,14.27,38.40,
10223,2025-10-31,12:06:00,0.00,0.00,4.68,,,,,0.00,0.00,,0,0,1,52.20,13.77,38.40,
10223,2025-10-31,12:07:00,0.00,0.00,4.68,,,,,0.00,0.00,,0,0,1,52.20,14.27,38.40,
10223,2025-10-31,12:08:00,4.676,0.00,4.68,,,,,0.00,0.00,,1,0,1,52.20,14.12,38.50,
10223,2025-10-31,12:09:00,0.00,0.00,4.68,,,,,0.00,0.00,,0,0,1,52.10,14.03,38.40,
10223,2025-10-31,12:10:00,0.00,0.00,4.68,,,,,0.00,0.00,,0,0,1,52.20,14.12,38.40,
10223,2025-10-31,12:12:00,0.00,0.00,4.68,,,,,0.00,0.00,,0,0,,52.10,14.27,38.40,
10223,2025-10-31,12:13:00,0.00,0.00,4.68,,,,,0.00,0.00,,0,0,1,52.20,14.15,38.50,
10223,2025-10-31,12:14:00,4.675,0.00,4.68,,,,,0.00,0.00,,1,0,1,52.20,13.97,38.50,
10223,2025-10-31,12:15:00,0.00,0.00,4.68,,,,,0.00,0.00,,0,0,1,52.20,13.83,38.50,
10223,2025-10-31,12:16:00,0.00,0.00,4.68,,,,,0.00,0.00,,0,0,1,52.20,14.36,38.50,
10223,2025-10-31,12:17:00,0.00,0.00,4.68,,,,,0.00,0.00,,0,0,1,52.20,14.03,38.50,
10223,2025-10-31,12:19:00,0.00,0.00,4.68,,,,,0.00,0.00,,0,0,,52.20,14.21,38.50,
10223,2025-10-31,12:20:00,0.00,0.00,4.68,,,,,0.00,0.00,,0,0,1,52.10,13.77,38.50,
10223,2025-10-31,12:21:00,0.00,0.00,4.68,,,,,0.00,0.00,,0,0,1,52.20,14.21,38.50,
10223,2025-10-31,12:22:00,4.676,0.00,4.68,,,,,0.00,0.00,,1,0,1,52.20,13.83,38.50,
10223,2025-10-31,12:23:00,0.00,0.00,4.68,,,,,0.00,0.00,,0,0,1,52.20,13.89,38.50,
10223,2025-10-31,12:24:00,4.676,0.00,4.68,,,,,0.00,0.00,,1,0,1,52.30,13.68,38.60,
10223,2025-10-31,12:25:00,0.00,0.00,4.68,,,,,0.00,0.00,,0,0,1,52.30,14.24,38.60,
10223,2025-10-31,12:26:00,0.00,0.00,4.68,,,,,0.00,0.00,,0,0,1,52.20,14.06,38.60,
10223,2025-10-31,12:27:00,0.00,0.00,4.68,,,,,0.00,0.00,,0,0,1,52.20,14.15,38.60,
10223,2025-10-31,12:28:00,0.00,0.00,4.68,,,,,0.00,0.00,,0,0,1,52.20,13.89,38.60,
10223,2025-10-31,12:30:00,0.00,0.00,4.68,,,,,0.00,0.00,,0,0,,52.20,14.30,38.60,
10223,2025-10-31,12:32:00,0.00,0.00,4.68,,,,,0.00,0.00,,0,0,,52.20,14.30,38.60,
10223,2025-10-31,12:33:00,0.00,0.00,4.68,,,,,0.00,0.00,,0,0,1,52.10,13.77,38.60,
10223,2025-10-31,12:34:00,0.00,0.00,4.68,,,,,0.00,0.00,,0,0,1,52.10,13.92,38.60,
10223,2025-10-31,12:35:00,0.00,0.00,4.68,,,,,0.00,0.00,,0,0,1,52.10,14.21,38.60,
10223,2025-10-31,12:37:00,4.676,0.00,4.68,,,,,0.00,0.00,,1,0,,52.10,13.77,38.60,
10223,2025-10-31,12:38:00,0.00,0.00,4.68,,,,,0.00,0.00,,0,0,1,52.10,13.68,38.60,
10223,2025-10-31,12:39:00,0.00,0.00,4.68,,,,,0.00,0.00,,0,0,1,52.00,14.18,38.60,
10223,2025-10-31,12:40:00,0.00,0.00,4.68,,,,,0.00,0.00,,0,0,1,52.00,14.21,38.60,
10223,2025-10-31,12:41:00,0.00,0.00,4.68,,,,,0.00,0.00,,0,0,1,52.00,14.15,38.60,
10223,2025-10-31,12:42:00,0.00,0.00,4.68,,,,,0.00,0.00,,0,0,1,52.00,13.83,38.60,
10223,2025-10-31,12:44:00,0.00,0.00,4.68,,,,,0.00,0.00,,0,0,,52.00,13.77,38.60,
10223,2025-10-31,12:45:00,0.00,0.00,4.68,,,,,0.00,0.00,,0,0,1,51.90,13.89,38.60,
10223,2025-10-31,12:46:00,0.00,0.00,4.68,,,,,0.00,0.00,,0,0,1,51.90,14.27,38.60,
10223,2025-10-31,12:47:00,0.00,0.00,4.68,,,,,0.00,0.00,,0,0,1,51.90,14.12,38.60,
10223,2025-10-31,12:48:00,0.00,0.00,4.68,,,,,0.00,0.00,,0,0,1,51.90,14.27,38.60,
10223,2025-10-31,12:49:00,0.00,0.00,4.68,,,,,0.00,0.00,,0,0,1,51.90,14.27,38.60,
10223,2025-10-31,12:51:00,0.00,0.00,4.68,,,,,0.00,0.00,,0,0,,51.90,14.06,38.50,
10223,2025-10-31,12:52:00,4.676,0.00,4.68,,,,,0.00,0.00,,1,0,1,51.90,14.27,38.50,
10223,2025-10-31,12:53:00,4.676,0.00,4.68,,,,,0.00,0.00,,1,0,1,51.90,13.77,38.50,
10223,2025-10-31,12:54:00,0.00,0.00,4.68,,,,,0.00,0.00,,0,0,1,51.90,14.09,38.50,
10223,2025-10-31,12:55:00,0.00,0.00,4.68,,,,,0.00,0.00,,0,0,1,51.90,14.27,38.50,
10223,2025-10-31,12:56:00,4.675,0.00,4.68,,,,,0.00,0.00,,1,0,1,51.90,13.92,38.50,
10223,2025-10-31,12:57:00,0.00,0.00,4.68,,,,,0.00,0.00,,0,0,1,51.90,14.21,38.60,
10223,2025-10-31,12:58:00,0.00,0.00,4.68,,,,,0.00,0.00,,0,0,1,51.90,13.77,38.50,
10223,2025-10-31,12:59:00,0.00,0.00,4.68,,,,,0.00,0.00,,0,0,1,51.90,14.12,38.50,
10223,2025-10-31,13:00:00,0.00,0.00,4.68,,,,,0.00,0.00,,0,0,1,51.90,13.89,38.50,
10223,2025-10-31,13:01:00,0.00,0.00,4.68,,,,,0.00,0.00,,0,0,1,51.90,14.24,38.50,
10223,2025-10-31,13:03:00,0.00,0.00,4.68,,,,,0.00,0.00,,0,0,,51.90,13.80,38.50,
10223,2025-10-31,13:04:00,0.00,0.00,4.68,,,,,0.00,0.00,,0,0,1,51.90,13.77,38.50,
10223,2025-10-31,13:05:00,4.675,0.00,4.68,,,,,0.00,0.00,,1,0,1,52.00,14.18,38.50,
10223,2025-10-31,13:06:00,0.00,0.00,4.68,,,,,0.00,0.00,,0,0,1,51.90,14.27,38.50,
10223,2025-10-31,13:07:00,0.00,0.00,4.68,,,,,0.00,0.00,,0,0,1,51.90,14.03,38.50,
10223,2025-10-31,13:09:00,0.00,0.00,4.68,,,,,0.00,0.00,,0,0,,51.90,14.12,38.40,
10223,2025-10-31,13:10:00,0.00,0.00,4.68,,,,,0.00,0.00,,0,0,1,52.00,13.80,38.50,
10223,2025-10-31,13:11:00,0.00,0.00,4.68,,,,,0.00,0.00,,0,0,1,51.90,13.68,38.40,
10223,2025-10-31,13:12:00,0.00,0.00,4.68,,,,,0.00,0.00,,0,0,1,51.90,13.71,38.40,
10223,2025-10-31,13:13:00,0.00,0.00,4.68,,,,,0.00,0.00,,0,0,1,52.00,13.89,38.50,
10223,2025-10-31,13:14:00,0.00,0.00,4.68,,,,,0.00,0.00,,0,0,1,51.90,14.06,38.40,
10223,2025-10-31,13:15:00,0.00,0.00,4.68,,,,,0.00,0.00,,0,0,1,52.00,13.92,38.50,
10223,2025-10-31,13:16:00,0.00,0.00,4.68,,,,,0.00,0.00,,0,0,1,51.90,13.71,38.40,
10223,2025-10-31,13:17:00,0.00,0.00,4.68,,,,,0.00,0.00,,0,0,1,51.90,13.80,38.40,
10223,2025-10-31,13:18:00,0.00,0.00,4.68,,,,,0.00,0.00,,0,0,1,51.90,14.21,38.40,
10223,2025-10-31,13:19:00,0.00,0.00,4.68,,,,,0.00,0.00,,0,0,1,51.90,14.27,38.40,
10223,2025-10-31,13:20:00,0.00,0.00,4.68,,,,,0.00,0.00,,0,0,1,51.90,13.71,38.40,
10223,2025-10-31,13:21:00,0.00,0.00,4.68,,,,,0.00,0.00,,0,0,1,51.90,13.89,38.40,
10223,2025-10-31,13:23:00,0.00,0.00,4.68,,,,,0.00,0.00,,0,0,,51.90,14.44,38.30,
10223,2025-10-31,13:25:00,0.00,0.00,4.68,,,,,0.00,0.00,,0,0,,52.00,13.89,38.40,
10223,2025-10-31,13:26:00,0.00,0.00,4.68,,,,,0.00,0.00,,0,0,1,51.90,13.83,38.30,
10223,2025-10-31,13:27:00,4.675,0.00,4.68,,,,,0.00,0.00,,1,0,1,52.00,14.09,38.40,
10223,2025-10-31,13:28:00,4.671,0.00,4.68,,,,,0.00,0.00,,1,0,1,52.00,14.27,38.30,
10223,2025-10-31,13:29:00,0.00,0.00,4.68,,,,,0.00,0.00,,0,0,1,51.90,14.09,38.30,
10223,2025-10-31,13:31:00,0.00,0.00,4.68,,,,,0.00,0.00,,0,0,,52.00,14.27,38.30,
10223,2025-10-31,13:33:00,0.00,0.00,4.68,,,,,0.00,0.00,,0,0,,51.90,14.27,38.20,
10223,2025-10-31,13:34:00,0.00,0.00,4.68,,,,,0.00,0.00,,0,0,1,52.00,13.83,38.30,
10223,2025-10-31,13:35:00,0.00,0.00,4.68,,,,,0.00,0.00,,0,0,1,52.00,14.21,38.30,
10223,2025-10-31,13:36:00,0.00,0.00,4.68,,,,,0.00,0.00,,0,0,1,51.90,13.83,38.20,
10223,2025-10-31,13:38:00,0.00,0.00,4.68,,,,,0.00,0.00,,0,0,,52.00,14.27,38.20,
10223,2025-10-31,13:39:00,0.00,0.00,4.68,,,,,0.00,0.00,,0,0,1,52.00,13.71,38.20,
10223,2025-10-31,13:40:00,4.675,0.00,4.68,,,,,0.00,0.00,,1,0,1,52.00,14.18,38.20,
10223,2025-10-31,13:41:00,0.00,0.00,4.68,,,,,0.00,0.00,,0,0,1,52.00,13.77,38.20,
10223,2025-10-31,13:43:00,0.00,0.00,4.68,,,,,0.00,0.00,,0,0,,52.10,14.21,38.20,
10223,2025-10-31,13:45:00,0.00,0.00,4.68,,,,,0.00,0.00,,0,0,,52.00,14.18,38.10,
10223,2025-10-31,13:46:00,0.00,0.00,4.68,,,,,0.00,0.00,,0,0,1,52.10,13.83,38.20,
10223,2025-10-31,13:47:00,0.00,0.00,4.68,,,,,0.00,0.00,,0,0,1,52.10,13.77,38.20,
10223,2025-10-31,13:48:00,4.671,0.00,4.68,,,,,0.00,0.00,,1,0,1,52.10,14.09,38.20,
10223,2025-10-31,13:49:00,4.676,0.00,4.68,,,,,0.00,0.00,,1,0,1,52.10,13.77,38.20,
10223,2025-10-31,13:50:00,0.00,0.00,4.68,,,,,0.00,0.00,,0,0,1,52.10,14.21,38.20,
10223,2025-10-31,13:52:00,0.00,0.00,4.68,,,,,0.00,0.00,,0,0,,52.20,14.27,38.20,
10223,2025-10-31,13:54:00,0.00,0.00,4.68,,,,,0.00,0.00,,0,0,,52.20,13.77,38.10,
10223,2025-10-31,13:56:00,0.00,0.00,4.68,,,,,0.00,0.00,,0,0,,52.20,14.15,38.20,
10223,2025-10-31,13:58:00,0.00,0.00,4.68,,,,,0.00,0.00,,0,0,,52.20,14.18,38.10,
10223,2025-10-31,14:00:00,0.00,0.00,4.68,,,,,0.00,0.00,,0,0,,52.30,14.27,38.20,
10223,2025-10-31,14:02:00,0.00,0.00,4.68,,,,,0.00,0.00,,0,0,,52.20,13.83,38.20,
10223,2025-10-31,14:04:00,0.00,0.00,4.68,,,,,0.00,0.00,,0,0,,52.20,13.65,38.20,
10223,2025-10-31,14:06:00,0.00,0.00,4.68,,,,,0.00,0.00,,0,0,,52.20,13.77,38.20,
10223,2025-10-31,14:08:00,0.00,0.00,4.68,,,,,0.00,0.00,,0,0,,52.10,13.80,38.20,
10223,2025-10-31,14:10:00,4.676,0.00,4.68,,,,,0.00,0.00,,1,0,,52.10,13.77,38.20,
10223,2025-10-31,14:11:00,4.675,0.00,4.68,,,,,0.00,0.00,,1,0,1,52.10,14.24,38.20,
10223,2025-10-31,14:12:00,0.00,0.00,4.68,,,,,0.00,0.00,,0,0,1,52.10,14.27,38.20,
10223,2025-10-31,14:14:00,0.00,0.00,4.68,,,,,0.00,0.00,,0,0,,52.10,14.27,38.20,
10223,2025-10-31,14:16:00,0.00,0.00,4.68,,,,,0.00,0.00,,0,0,,52.10,14.21,38.20,
10223,2025-10-31,14:18:00,0.00,0.00,4.68,,,,,0.00,0.00,,0,0,,52.10,13.83,38.20,
10223,2025-10-31,14:20:00,0.00,0.00,4.68,,,,,0.00,0.00,,0,0,,52.10,13.83,38.20,
10223,2025-10-31,14:22:00,0.00,0.00,4.68,,,,,0.00,0.00,,0,0,,52.10,14.21,38.10,
10223,2025-10-31,14:24:00,0.00,0.00,4.68,,,,,0.00,0.00,,0,0,,52.00,14.27,38.10,
10223,2025-10-31,14:26:00,0.00,0.00,4.68,,,,,0.00,0.00,,0,0,,52.10,14.27,38.20,
10223,2025-10-31,14:28:00,4.675,0.00,4.68,,,,,0.00,0.00,,1,0,,52.10,14.21,38.20,
10223,2025-10-31,14:30:00,0.00,0.00,4.68,,,,,0.00,0.00,,0,0,,52.10,13.89,38.20,
10223,2025-10-31,14:32:00,0.00,0.00,4.68,,,,,0.00,0.00,,0,0,,52.10,13.95,38.20,
10223,2025-10-31,14:33:00,0.00,0.00,4.68,,,,,0.00,0.00,,0,0,1,52.10,14.27,38.20,
10223,2025-10-31,14:35:00,0.00,0.00,4.68,,,,,0.00,0.00,,0,0,,52.10,14.21,38.20,
10223,2025-10-31,14:36:00,4.672,0.00,4.68,,,,,0.00,0.00,,1,0,1,52.10,14.21,38.20,
10223,2025-10-31,14:37:00,0.00,0.00,4.68,,,,,0.00,0.00,,0,0,1,52.00,14.12,38.20,
10223,2025-10-31,14:39:00,0.00,0.00,4.68,,,,,0.00,0.00,,0,0,,52.10,13.77,38.20,
10223,2025-10-31,14:41:00,0.00,0.00,4.68,,,,,0.00,0.00,,0,0,,52.10,13.92,38.20,
10223,2025-10-31,14:43:00,0.00,0.00,4.68,,,,,0.00,0.00,,0,0,,52.10,13.86,38.20,
10223,2025-10-31,14:45:00,0.00,0.00,4.68,,,,,0.00,0.00,,0,0,,52.10,14.27,38.20,
10223,2025-10-31,14:47:00,0.00,0.00,4.68,,,,,0.00,0.00,,0,0,,52.10,14.27,38.20,
10223,2025-10-31,14:48:00,0.00,0.00,4.68,,,,,0.00,0.00,,0,0,1,52.10,13.83,38.20,
10223,2025-10-31,14:50:00,0.00,0.00,4.68,,,,,0.00,0.00,,0,0,,52.10,14.09,38.20,
10223,2025-10-31,14:52:00,0.00,0.00,4.68,,,,,0.00,0.00,,0,0,,52.10,14.27,38.20,
10223,2025-10-31,14:54:00,4.675,0.00,4.68,,,,,0.00,0.00,,1,0,,52.10,14.18,38.20,
10223,2025-10-31,14:55:00,0.00,0.00,4.68,,,,,0.00,0.00,,0,0,1,51.90,14.21,38.10,
10223,2025-10-31,14:57:00,0.00,0.00,4.68,,,,,0.00,0.00,,0,0,,52.10,14.21,38.20,
10223,2025-10-31,14:59:00,0.00,0.00,4.68,,,,,0.00,0.00,,0,0,,52.10,13.77,38.20,
10223,2025-10-31,15:01:00,4.675,0.00,4.68,,,,,0.00,0.00,,1,0,,52.00,14.12,38.10,
10223,2025-10-31,15:03:00,0.00,0.00,4.68,,,,,0.00,0.00,,0,0,,52.00,13.95,38.10,
10223,2025-10-31,15:05:00,0.00,0.00,4.68,,,,,0.00,0.00,,0,0,,52.00,13.65,38.10,
10223,2025-10-31,15:07:00,0.00,0.00,4.68,,,,,0.00,0.00,,0,0,,52.10,13.95,38.10,
10223,2025-10-31,15:09:00,4.676,0.00,4.68,,,,,0.00,0.00,,1,0,,52.10,14.27,38.10,
10223,2025-10-31,15:11:00,0.00,0.00,4.68,,,,,0.00,0.00,,0,0,,52.10,14.12,38.10,
10223,2025-10-31,15:13:00,0.00,0.00,4.68,,,,,0.00,0.00,,0,0,,52.10,13.77,38.10,
10223,2025-10-31,15:15:00,4.676,0.00,4.68,,,,,0.00,0.00,,1,0,,52.10,14.15,38.10,
10223,2025-10-31,15:16:00,0.00,0.00,4.68,,,,,0.00,0.00,,0,0,1,52.10,14.12,38.10,
10223,2025-10-31,15:18:00,0.00,0.00,4.68,,,,,0.00,0.00,,0,0,,52.10,14.12,38.10,
10223,2025-10-31,15:20:00,0.00,0.00,4.68,,,,,0.00,0.00,,0,0,,52.10,13.62,38.10,
10223,2025-10-31,15:22:00,4.676,0.00,4.68,,,,,0.00,0.00,,1,0,,52.10,13.07,38.10,
10223,2025-10-31,15:24:00,0.00,0.00,4.68,,,,,0.00,0.00,,0,0,,52.10,13.07,38.10,
10223,2025-10-31,15:26:00,0.00,0.00,4.68,,,,,0.00,0.00,,0,0,,52.10,12.98,38.10,
10223,2025-10-31,15:28:00,0.00,0.00,4.68,,,,,0.00,0.00,,0,0,,52.00,13.39,38.10,
10223,2025-10-31,15:30:00,0.00,0.00,4.68,,,,,0.00,0.00,,0,0,,52.00,12.89,38.10,
10223,2025-10-31,15:32:00,0.00,0.00,4.68,,,,,0.00,0.00,,0,0,,52.00,13.07,38.10,
10223,2025-10-31,15:33:00,0.00,0.00,4.68,,,,,0.00,0.00,,0,0,1,52.00,13.33,38.10,
10223,2025-10-31,15:35:00,0.00,0.00,4.68,,,,,0.00,0.00,,0,0,,52.00,13.33,38.10,
10223,2025-10-31,15:37:00,0.00,0.00,4.68,,,,,0.00,0.00,,0,0,,51.90,13.33,38.10,
10223,2025-10-31,15:39:00,0.00,0.00,4.68,,,,,0.00,0.00,,0,0,,52.00,13.27,38.10,
10223,2025-10-31,15:41:00,0.00,0.00,4.68,,,,,0.00,0.00,,0,0,,51.90,12.83,38.10,
10223,2025-10-31,15:43:00,0.00,0.00,4.68,,,,,0.00,0.00,,0,0,,51.90,12.83,38.10,
10223,2025-10-31,15:45:00,0.00,0.00,4.68,,,,,0.00,0.00,,0,0,,51.90,13.15,38.10,
10223,2025-10-31,15:47:00,0.00,0.00,4.68,,,,,0.00,0.00,,0,0,,51.90,12.71,38.20,
10223,2025-10-31,15:49:00,0.00,0.00,4.68,,,,,0.00,0.00,,0,0,,51.90,13.15,38.20,
10223,2025-10-31,15:51:00,0.00,0.00,4.68,,,,,0.00,0.00,,0,0,,51.90,12.71,38.20,
10223,2025-10-31,15:53:00,0.00,0.00,4.68,,,,,0.00,0.00,,0,0,,51.80,12.71,38.10,
10223,2025-10-31,15:54:00,0.00,0.00,4.68,,,,,0.00,0.00,,0,0,1,51.80,12.83,38.20,
10223,2025-10-31,15:55:00,0.00,0.00,4.68,,,,,0.00,0.00,,0,0,1,51.70,12.89,38.20,
10223,2025-10-31,15:56:00,0.00,0.00,4.68,,,,,0.00,0.00,,0,0,1,51.70,13.15,38.20,
10223,2025-10-31,15:57:00,0.00,0.00,4.68,,,,,0.00,0.00,,0,0,1,51.80,13.15,38.30,
10223,2025-10-31,15:58:00,4.676,0.00,4.68,,,,,0.00,0.00,,1,0,1,51.70,13.15,38.20,
10223,2025-10-31,15:59:00,0.00,0.00,4.68,,,,,0.00,0.00,,0,0,1,51.60,13.15,38.20,
10223,2025-10-31,16:00:00,0.00,0.00,4.68,,,,,0.00,0.00,,0,0,1,51.60,13.15,38.20,
10223,2025-10-31,16:01:00,0.00,0.00,4.68,,,,,0.00,0.00,,0,1,1,51.70,12.71,38.30,
10223,2025-10-31,16:02:00,0.00,0.00,4.68,,,,,0.00,0.00,,0,0,1,51.60,12.71,38.30,
10223,2025-10-31,16:03:00,4.675,0.00,4.68,,,,,0.00,0.00,,1,0,1,51.60,12.71,38.30,
10223,2025-10-31,16:04:00,0.00,0.00,4.68,,,,,0.00,0.00,,0,0,1,51.60,12.63,38.30,
10223,2025-10-31,16:05:00,0.00,0.00,4.68,,,,,0.00,0.00,,0,0,1,51.60,12.63,38.30,
10223,2025-10-31,16:06:00,0.00,0.00,4.68,,,,,0.00,0.00,,0,0,1,51.50,13.15,38.30,
10223,2025-10-31,16:07:00,0.00,0.00,4.68,,,,,0.00,0.00,,0,0,1,51.50,13.15,38.30,
10223,2025-10-31,16:08:00,0.00,0.00,4.68,,,,,0.00,0.00,,0,0,1,51.50,12.74,38.40,
10223,2025-10-31,16:09:00,0.00,0.00,4.68,,,,,0.00,0.00,,0,0,1,51.50,12.95,38.30,
10223,2025-10-31,16:10:00,0.00,0.00,4.68,,,,,0.00,0.00,,0,0,1,51.50,13.13,38.40,
10223,2025-10-31,16:11:00,0.00,0.00,4.68,,,,,0.00,0.00,,0,0,1,51.40,12.83,38.30,
10223,2025-10-31,16:12:00,0.00,0.00,4.68,,,,,0.00,0.00,,0,0,1,51.30,13.21,38.30,
10223,2025-10-31,16:13:00,0.00,0.00,4.68,,,,,0.00,0.00,,0,0,1,51.40,12.77,38.30,
10223,2025-10-31,16:14:00,0.00,0.00,4.68,,,,,0.00,0.00,,0,0,1,51.30,13.15,38.30,
10223,2025-10-31,16:15:00,0.00,0.00,4.68,,,,,0.00,0.00,,0,0,1,51.40,12.63,38.40,
10223,2025-10-31,16:16:00,0.00,0.00,4.68,,,,,0.00,0.00,,0,0,1,51.30,13.15,38.30,
10223,2025-10-31,16:17:00,0.00,0.00,4.68,,,,,0.00,0.00,,0,0,1,51.40,13.15,38.40,
10223,2025-10-31,16:18:00,0.00,0.00,4.68,,,,,0.00,0.00,,0,0,1,51.30,13.13,38.40,
10223,2025-10-31,16:19:00,4.675,0.00,4.68,,,,,0.20,0.20,,1,0,1,51.30,13.15,38.40,
10223,2025-10-31,16:20:00,0.00,0.00,4.68,,,,,0.00,0.20,,0,0,1,51.20,12.63,38.30,
10223,2025-10-31,16:21:00,0.00,0.00,4.68,,,,,0.00,0.20,,0,0,1,51.30,12.98,38.40,
10223,2025-10-31,16:22:00,0.00,0.00,4.68,,,,,0.00,0.20,,0,0,1,51.20,13.10,38.30,
10223,2025-10-31,16:24:00,0.00,0.00,4.68,,,,,0.00,0.00,,0,0,,51.20,12.98,38.30,
10223,2025-10-31,16:25:00,0.00,0.00,4.68,,,,,0.00,0.00,,0,0,1,51.30,13.15,38.40,
10223,2025-10-31,16:27:00,0.00,0.00,4.68,,,,,0.00,0.00,,0,0,,51.30,13.10,38.30,
10223,2025-10-31,16:28:00,0.00,0.00,4.68,,,,,0.00,0.00,,0,0,1,51.30,12.95,38.40,
10223,2025-10-31,16:30:00,0.00,0.00,4.68,,,,,0.00,0.00,,0,0,,51.20,12.63,38.30,
10223,2025-10-31,16:32:00,0.00,0.00,4.68,,,,,0.00,0.00,,0,0,,51.20,13.15,38.30,
10223,2025-10-31,16:34:00,0.00,0.00,4.68,,,,,0.00,0.00,,0,0,,51.20,12.83,38.30,
10223,2025-10-31,16:36:00,0.00,0.00,4.68,,,,,0.00,0.00,,0,0,,51.20,12.63,38.30,
10223,2025-10-31,16:38:00,0.00,0.00,4.68,,,,,0.00,0.00,,0,0,,51.20,13.10,38.30,
10223,2025-10-31,16:39:00,0.00,0.00,4.68,,,,,0.00,0.00,,0,0,1,51.20,13.04,38.30,
10223,2025-10-31,16:40:00,0.00,0.00,4.68,,,,,0.00,0.00,,0,0,1,51.10,13.15,38.20,
10223,2025-10-31,16:42:00,0.00,0.00,4.68,,,,,0.00,0.00,,0,0,,51.10,12.74,38.20,
10223,2025-10-31,16:44:00,0.00,0.00,4.68,,,,,0.00,0.00,,0,0,,51.10,12.98,38.30,
10223,2025-10-31,16:46:00,0.00,0.00,4.68,,,,,0.00,0.00,,0,0,,51.10,13.01,38.20,
10223,2025-10-31,16:47:00,0.00,0.00,4.68,,,,,0.00,0.00,,0,0,1,51.00,12.92,38.20,
10223,2025-10-31,16:48:00,0.00,0.00,4.68,,,,,0.00,0.00,,0,0,1,51.00,12.95,38.20,
10223,2025-10-31,16:50:00,0.00,0.00,4.68,,,,,0.00,0.00,,0,0,,51.00,12.60,38.20,
10223,2025-10-31,16:52:00,0.00,0.00,4.68,,,,,0.00,0.00,,0,0,,51.10,12.63,38.20,
10223,2025-10-31,16:54:00,0.00,0.00,4.68,,,,,0.00,0.00,,0,0,,51.10,13.10,38.10,
10223,2025-10-31,16:55:00,0.00,0.00,4.68,,,,,0.00,0.00,,0,0,1,51.00,12.60,38.10,
10223,2025-10-31,16:56:00,0.00,0.00,4.68,,,,,0.00,0.00,,0,0,1,51.10,13.15,38.10,
10223,2025-10-31,16:57:00,4.675,0.00,4.68,,,,,0.00,0.00,,1,0,1,51.10,13.10,38.10,
10223,2025-10-31,16:58:00,0.00,0.00,4.68,,,,,0.20,0.20,,0,0,1,51.10,12.60,38.10,
10223,2025-10-31,16:59:00,0.00,0.00,4.68,,,,,0.00,0.20,,0,0,1,51.10,13.13,38.10,
10223,2025-10-31,17:00:00,0.00,0.00,4.68,,,,,0.00,0.20,,0,0,1,51.00,12.71,38.00,
10223,2025-10-31,17:02:00,0.00,0.00,4.68,,,,,0.00,0.00,,0,0,,51.00,12.74,38.00,
10223,2025-10-31,17:03:00,0.00,0.00,4.68,,,,,0.00,0.00,,0,0,1,51.00,12.60,38.00,
10223,2025-10-31,17:04:00,0.00,0.00,4.68,,,,,0.00,0.00,,0,0,1,51.00,12.83,38.00,
10223,2025-10-31,17:06:00,0.00,0.00,4.68,,,,,0.00,0.00,,0,0,,51.00,12.60,37.90,
10223,2025-10-31,17:07:00,0.00,0.00,4.68,,,,,0.00,0.00,,0,0,1,51.00,12.86,37.90,
10223,2025-10-31,17:08:00,0.00,0.00,4.68,,,,,0.00,0.00,,0,0,1,51.00,12.60,37.90,
10223,2025-10-31,17:09:00,0.00,0.00,4.68,,,,,0.00,0.00,,0,0,1,51.10,12.60,37.90,
10223,2025-10-31,17:10:00,0.00,0.00,4.68,,,,,0.00,0.00,,0,0,1,51.00,12.89,37.80,
10223,2025-10-31,17:11:00,0.00,0.00,4.68,,,,,0.00,0.00,,0,0,1,51.00,12.71,37.80,
10223,2025-10-31,17:12:00,0.00,0.00,4.68,,,,,0.00,0.00,,0,0,1,51.00,13.15,37.70,
10223,2025-10-31,17:13:00,0.00,0.00,4.68,,,,,0.00,0.00,,0,0,1,51.00,13.04,37.70,
10223,2025-10-31,17:14:00,0.00,0.00,4.68,,,,,0.00,0.00,,0,0,1,51.10,13.10,37.70,
10223,2025-10-31,17:15:00,0.00,0.00,4.68,,,,,0.20,0.20,,0,0,1,51.10,13.04,37.70,
10223,2025-10-31,17:16:00,0.00,0.00,4.68,,,,,0.00,0.20,,0,0,1,51.10,12.71,37.60,
10223,2025-10-31,17:17:00,0.00,0.00,4.68,,,,,0.00,0.20,,0,0,1,51.20,13.15,37.60,
10223,2025-10-31,17:18:00,0.00,0.00,4.68,,,,,0.00,0.20,,0,0,1,51.20,13.04,37.60,
10223,2025-10-31,17:19:00,0.00,0.00,4.68,,,,,0.00,0.20,,0,0,1,51.30,12.98,37.60,
10223,2025-10-31,17:20:00,0.00,0.00,4.68,,,,,0.00,0.20,,0,0,1,51.20,13.13,37.50,
10223,2025-10-31,17:21:00,0.00,0.00,4.68,,,,,0.00,0.20,,0,0,1,51.30,12.71,37.60,
10223,2025-10-31,17:22:00,0.00,0.00,4.68,,,,,0.00,0.20,,0,0,1,51.30,13.04,37.50,
10223,2025-10-31,17:23:00,0.00,0.00,4.68,,,,,0.20,0.40,,0,0,1,51.40,12.92,37.50,
10223,2025-10-31,17:24:00,0.00,0.00,4.68,,,,,0.00,0.40,,0,0,1,51.50,12.60,37.50,
10223,2025-10-31,17:25:00,0.00,0.00,4.68,,,,,0.00,0.40,,0,0,1,51.40,12.98,37.40,
10223,2025-10-31,17:26:00,0.00,0.00,4.68,,,,,0.00,0.40,,0,0,1,51.50,12.98,37.40,
10223,2025-10-31,17:27:00,0.00,0.00,4.68,,,,,0.00,0.40,,0,0,1,51.60,12.95,37.50,
10223,2025-10-31,17:28:00,0.00,0.00,4.68,,,,,0.20,0.60,,0,0,1,51.50,12.98,37.40,
10223,2025-10-31,17:29:00,0.00,0.00,4.68,,,,,0.00,0.60,,0,0,1,51.60,12.60,37.50,
10223,2025-10-31,17:30:00,4.671,0.00,4.68,,,,,0.00,0.60,,1,0,1,51.60,13.13,37.40,
10223,2025-10-31,17:31:00,0.00,0.00,4.68,,,,,0.00,0.60,,0,0,1,51.60,12.74,37.40,
10223,2025-10-31,17:32:00,4.675,0.00,4.68,,,,,0.20,0.80,,1,0,1,51.60,13.10,37.40,
10223,2025-10-31,17:33:00,0.00,0.00,4.68,,,,,0.00,0.80,,0,0,1,51.60,13.04,37.40,
10223,2025-10-31,17:34:00,0.00,0.00,4.68,,,,,0.00,0.80,,0,0,1,51.60,12.60,37.40,
10223,2025-10-31,17:35:00,0.00,0.00,4.68,,,,,0.00,0.80,,0,0,1,51.60,13.15,37.40,
10223,2025-10-31,17:36:00,0.00,0.00,4.68,,,,,0.00,0.80,,0,0,1,51.60,13.10,37.40,
10223,2025-10-31,17:38:00,0.00,0.00,4.68,,,,,0.00,0.00,,0,0,,51.60,13.21,37.40,
10223,2025-10-31,17:39:00,0.00,0.00,4.68,,,,,0.00,0.00,,0,0,1,51.50,12.77,37.30,
10223,2025-10-31,17:40:00,0.00,0.00,4.68,,,,,0.00,0.00,,0,0,1,51.60,13.10,37.30,
10223,2025-10-31,17:41:00,0.00,0.00,4.68,,,,,0.20,0.20,,0,0,1,51.50,12.71,37.30,
10223,2025-10-31,17:42:00,0.00,0.00,4.68,,,,,0.00,0.20,,0,0,1,51.50,12.60,37.30,
10223,2025-10-31,17:43:00,0.00,0.00,4.68,,,,,0.00,0.20,,0,0,1,51.50,12.83,37.30,
10223,2025-10-31,17:44:00,0.00,0.00,4.68,,,,,0.20,0.40,,0,0,1,51.60,13.10,37.30,
10223,2025-10-31,17:45:00,0.00,0.00,4.68,,,,,0.00,0.40,,0,0,1,51.60,13.10,37.30,
10223,2025-10-31,17:46:00,0.00,0.00,4.68,,,,,0.00,0.40,,0,0,1,51.60,12.60,37.30,
10223,2025-10-31,17:47:00,0.00,0.00,4.68,,,,,0.00,0.40,,0,0,1,51.70,12.83,37.30,
10223,2025-10-31,17:48:00,0.00,0.00,4.68,,,,,0.00,0.40,,0,0,1,51.70,12.60,37.30,
10223,2025-10-31,17:49:00,0.00,0.00,4.68,,,,,0.20,0.60,,0,0,1,51.70,13.10,37.30,
10223,2025-10-31,17:50:00,0.00,0.00,4.68,,,,,0.00,0.60,,0,0,1,51.60,13.10,37.20,
10223,2025-10-31,17:51:00,0.00,0.00,4.68,,,,,0.00,0.60,,0,0,1,51.70,12.98,37.20,
10223,2025-10-31,17:52:00,0.00,0.00,4.68,,,,,0.00,0.60,,0,0,1,51.70,12.71,37.20,
10223,2025-10-31,17:53:00,0.00,0.00,4.68,,,,,0.20,0.80,,0,0,1,51.70,13.10,37.20,
10223,2025-10-31,17:54:00,0.00,0.00,4.68,,,,,0.00,0.80,,0,0,1,51.70,12.60,37.20,
10223,2025-10-31,17:55:00,0.00,0.00,4.68,,,,,0.00,0.80,,0,0,1,51.70,13.13,37.20,
10223,2025-10-31,17:56:00,0.00,0.00,4.68,,,,,0.00,0.80,,0,0,1,51.70,12.83,37.10,
10223,2025-10-31,17:57:00,0.00,0.00,4.68,,,,,0.00,0.80,,0,0,1,51.70,12.60,37.20,
10223,2025-10-31,17:58:00,0.00,0.00,4.68,,,,,0.00,0.80,,0,0,1,51.70,12.60,37.10,
10223,2025-10-31,17:59:00,0.00,0.00,4.68,,,,,0.00,0.80,,0,0,1,51.70,12.71,37.20,
10223,2025-10-31,18:00:00,0.00,0.00,4.68,,,,,0.00,0.80,,0,0,1,51.70,12.89,37.20,
10223,2025-10-31,18:01:00,0.00,0.00,4.68,,,,,0.00,0.80,,0,1,1,51.70,12.60,37.20,
10223,2025-10-31,18:02:00,0.00,0.00,4.68,,,,,0.20,1.00,,0,0,1,51.80,12.86,37.20,
10223,2025-10-31,18:03:00,0.00,0.00,4.68,,,,,0.00,1.00,,0,0,1,51.80,12.60,37.20,
10223,2025-10-31,18:04:00,0.00,0.00,4.68,,,,,0.00,1.00,,0,0,1,51.80,13.04,37.20,
10223,2025-10-31,18:05:00,0.00,0.00,4.68,,,,,0.00,1.00,,0,0,1,51.80,13.04,37.20,
10223,2025-10-31,18:06:00,0.00,0.00,4.68,,,,,0.20,1.20,,0,0,1,51.80,12.89,37.20,
10223,2025-10-31,18:07:00,0.00,0.00,4.68,,,,,0.00,1.20,,0,0,1,51.80,13.10,37.20,
10223,2025-10-31,18:08:00,0.00,0.00,4.68,,,,,0.00,1.20,,0,0,1,51.80,13.10,37.20,
10223,2025-10-31,18:09:00,0.00,0.00,4.68,,,,,0.00,1.20,,0,0,1,51.70,12.71,37.10,
10223,2025-10-31,18:10:00,0.00,0.00,4.68,,,,,0.00,1.20,,0,0,1,51.80,12.71,37.20,
10223,2025-10-31,18:11:00,0.00,0.00,4.68,,,,,0.20,1.40,,0,0,1,51.80,12.89,37.20,
10223,2025-10-31,18:12:00,0.00,0.00,4.68,,,,,0.00,1.40,,0,0,1,51.70,13.04,37.10,
10223,2025-10-31,18:13:00,0.00,0.00,4.68,,,,,0.00,1.40,,0,0,1,51.70,13.10,37.10,
10223,2025-10-31,18:14:00,0.00,0.00,4.68,,,,,0.00,1.40,,0,0,1,51.70,12.60,37.10,
10223,2025-10-31,18:15:00,0.00,0.00,4.68,,,,,0.00,1.40,,0,0,1,51.70,12.83,37.10,
10223,2025-10-31,18:16:00,0.00,0.00,4.68,,,,,0.00,1.40,,0,0,1,51.80,13.10,37.10,
10223,2025-10-31,18:17:00,0.00,0.00,4.68,,,,,0.20,1.60,,0,0,1,51.80,12.95,37.10,
10223,2025-10-31,18:18:00,0.00,0.00,4.68,,,,,0.00,1.60,,0,0,1,51.80,12.83,37.10,
10223,2025-10-31,18:19:00,0.00,0.00,4.68,,,,,0.00,1.60,,0,0,1,51.70,12.66,37.10,
10223,2025-10-31,18:20:00,0.00,0.00,4.68,,,,,0.00,1.60,,0,0,1,51.80,12.60,37.10,
10223,2025-10-31,18:21:00,0.00,0.00,4.68,,,,,0.00,1.60,,0,0,1,51.80,12.60,37.10,
10223,2025-10-31,18:22:00,0.00,0.00,4.68,,,,,0.00,1.60,,0,0,1,51.80,12.86,37.00,
10223,2025-10-31,18:23:00,0.00,0.00,4.68,,,,,0.00,1.60,,0,0,1,51.90,12.71,37.00,
10223,2025-10-31,18:24:00,0.00,0.00,4.68,,,,,0.00,1.60,,0,0,1,51.80,12.60,37.00,
10223,2025-10-31,18:25:00,0.00,0.00,4.68,,,,,0.00,1.60,,0,0,1,51.80,13.04,37.00,
10223,2025-10-31,18:26:00,0.00,0.00,4.68,,,,,0.20,1.80,,0,0,1,51.80,13.10,37.00,
10223,2025-10-31,18:27:00,4.671,0.00,4.68,,,,,0.00,1.80,,1,0,1,51.80,12.71,37.00,
10223,2025-10-31,18:28:00,0.00,0.00,4.68,,,,,0.00,1.80,,0,0,1,51.80,13.10,37.00,
10223,2025-10-31,18:29:00,0.00,0.00,4.68,,,,,0.00,1.80,,0,0,1,51.80,12.77,37.00,
10223,2025-10-31,18:30:00,0.00,0.00,4.68,,,,,0.00,1.80,,0,0,1,51.90,13.04,37.00,
10223,2025-10-31,18:31:00,0.00,0.00,4.68,,,,,0.00,1.80,,0,0,1,51.80,13.04,37.00,
10223,2025-10-31,18:32:00,0.00,0.00,4.68,,,,,0.00,1.80,,0,0,1,51.80,12.66,36.90,
10223,2025-10-31,18:33:00,0.00,0.00,4.68,,,,,0.00,1.80,,0,0,1,51.80,12.60,37.00,
10223,2025-10-31,18:34:00,4.675,0.00,4.68,,,,,0.00,1.80,,1,0,1,51.80,12.80,37.00,
10223,2025-10-31,18:35:00,0.00,0.00,4.68,,,,,0.20,2.00,,0,0,1,51.80,12.71,37.00,
10223,2025-10-31,18:36:00,0.00,0.00,4.68,,,,,0.00,2.00,,0,0,1,51.80,13.04,37.00,
10223,2025-10-31,18:37:00,0.00,0.00,4.68,,,,,0.00,2.00,,0,0,1,51.90,13.01,37.00,
10223,2025-10-31,18:38:00,0.00,0.00,4.68,,,,,0.00,2.00,,0,0,1,51.80,12.63,37.00,
10223,2025-10-31,18:39:00,0.00,0.00,4.68,,,,,0.00,2.00,,0,0,1,51.90,12.60,37.00,
10223,2025-10-31,18:40:00,0.00,0.00,4.68,,,,,0.00,2.00,,0,0,1,51.80,12.60,37.00,
10223,2025-10-31,18:41:00,0.00,0.00,4.68,,,,,0.00,2.00,,0,0,1,51.80,12.60,37.00,
10223,2025-10-31,18:42:00,0.00,0.00,4.68,,,,,0.00,2.00,,0,0,1,51.80,13.04,37.00,
10223,2025-10-31,18:43:00,0.00,0.00,4.68,,,,,0.00,2.00,,0,0,1,51.80,13.04,36.90,
10223,2025-10-31,18:44:00,0.00,0.00,4.68,,,,,0.00,2.00,,0,0,1,51.80,13.04,37.00,
10223,2025-10-31,18:45:00,0.00,0.00,4.68,,,,,0.00,2.00,,0,0,1,51.80,12.86,36.90,
10223,2025-10-31,18:46:00,0.00,0.00,4.68,,,,,0.00,2.00,,0,0,1,51.80,12.83,37.00,
10223,2025-10-31,18:47:00,0.00,0.00,4.68,,,,,0.00,2.00,,0,0,1,51.80,12.60,36.90,
10223,2025-10-31,18:48:00,0.00,0.00,4.68,,,,,0.00,2.00,,0,0,1,51.70,12.89,36.90,
10223,2025-10-31,18:49:00,0.00,0.00,4.68,,,,,0.00,2.00,,0,0,1,51.80,12.60,36.90,
10223,2025-10-31,18:50:00,0.00,0.00,4.68,,,,,0.00,2.00,,0,0,1,51.70,13.10,36.90,
10223,2025-10-31,18:51:00,0.00,0.00,4.68,,,,,0.00,2.00,,0,0,1,51.80,13.01,36.90,
10223,2025-10-31,18:52:00,0.00,0.00,4.68,,,,,0.00,2.00,,0,0,1,51.80,12.60,36.90,
10223,2025-10-31,18:53:00,0.00,0.00,4.68,,,,,0.00,2.00,,0,0,1,51.80,12.60,36.90,
10223,2025-10-31,18:54:00,0.00,0.00,4.68,,,,,0.00,2.00,,0,0,1,51.80,12.66,36.90,
10223,2025-10-31,18:55:00,0.00,0.00,4.68,,,,,0.00,2.00,,0,0,1,51.80,12.60,36.90,
10223,2025-10-31,18:56:00,0.00,0.00,4.68,,,,,0.00,2.00,,0,0,1,51.80,12.60,36.90,
10223,2025-10-31,18:57:00,0.00,0.00,4.68,,,,,0.00,2.00,,0,0,1,51.80,12.60,36.80,
10223,2025-10-31,18:58:00,0.00,0.00,4.68,,,,,0.00,2.00,,0,0,1,51.80,12.77,36.80,
10223,2025-10-31,18:59:00,0.00,0.00,4.68,,,,,0.00,2.00,,0,0,1,51.80,12.60,36.80,
10223,2025-10-31,19:00:00,0.00,0.00,4.68,,,,,0.00,2.00,,0,0,1,51.80,12.51,36.80,
10223,2025-10-31,19:01:00,0.00,0.00,4.68,,,,,0.00,2.00,,0,1,1,51.90,13.04,36.90,
10223,2025-10-31,19:02:00,0.00,0.00,4.68,,,,,0.00,2.00,,0,0,1,51.90,13.04,36.90,
10223,2025-10-31,19:03:00,0.00,0.00,4.68,,,,,0.00,2.00,,0,0,1,51.80,12.60,36.80,
10223,2025-10-31,19:04:00,0.00,0.00,4.68,,,,,0.00,2.00,,0,0,1,51.80,12.89,36.80,
10223,2025-10-31,19:05:00,0.00,0.00,4.68,,,,,0.00,2.00,,0,0,1,51.90,12.98,36.90,
10223,2025-10-31,19:06:00,0.00,0.00,4.68,,,,,0.00,2.00,,0,0,1,51.80,12.66,36.90,
10223,2025-10-31,19:07:00,0.00,0.00,4.68,,,,,0.00,2.00,,0,0,1,51.90,13.01,36.90,
10223,2025-10-31,19:08:00,0.00,0.00,4.68,,,,,0.00,2.00,,0,0,1,51.80,13.04,36.80,
10223,2025-10-31,19:09:00,0.00,0.00,4.68,,,,,0.00,2.00,,0,0,1,51.70,12.60,36.80,
10223,2025-10-31,19:10:00,0.00,0.00,4.68,,,,,0.00,2.00,,0,0,1,51.70,12.51,36.80,
10223,2025-10-31,19:11:00,0.00,0.00,4.68,,,,,0.00,2.00,,0,0,1,51.80,12.60,36.80,
10223,2025-10-31,19:12:00,0.00,0.00,4.68,,,,,0.00,2.00,,0,0,1,51.80,12.77,36.80,
10223,2025-10-31,19:13:00,0.00,0.00,4.68,,,,,0.00,2.00,,0,0,1,51.80,12.71,36.80,
10223,2025-10-31,19:14:00,0.00,0.00,4.68,,,,,0.00,2.00,,0,0,1,51.80,13.04,36.80,
10223,2025-10-31,19:15:00,0.00,0.00,4.68,,,,,0.00,2.00,,0,0,1,51.90,13.01,36.80,
10223,2025-10-31,19:16:00,0.00,0.00,4.68,,,,,0.00,2.00,,0,0,1,51.90,13.10,36.80,
10223,2025-10-31,19:17:00,0.00,0.00,4.68,,,,,0.00,2.00,,0,0,1,51.90,13.01,36.80,
10223,2025-10-31,19:18:00,0.00,0.00,4.68,,,,,0.00,2.00,,0,0,1,51.90,13.04,36.70,
10223,2025-10-31,19:19:00,0.00,0.00,4.68,,,,,0.00,2.00,,0,0,1,51.90,13.10,36.80,
10223,2025-10-31,19:20:00,0.00,0.00,4.68,,,,,0.00,2.00,,0,0,1,51.90,12.51,36.70,
10223,2025-10-31,19:21:00,0.00,0.00,4.68,,,,,0.00,2.00,,0,0,1,51.90,13.04,36.70,
10223,2025-10-31,19:23:00,0.00,0.00,4.68,,,,,0.00,0.00,,0,0,,52.00,13.10,36.80,
10223,2025-10-31,19:24:00,0.00,0.00,4.68,,,,,0.00,0.00,,0,0,1,51.90,13.04,36.70,
10223,2025-10-31,19:25:00,0.00,0.00,4.68,,,,,0.00,0.00,,0,0,1,51.90,12.71,36.70,
10223,2025-10-31,19:26:00,0.00,0.00,4.68,,,,,0.00,0.00,,0,0,1,51.90,13.04,36.70,
10223,2025-10-31,19:27:00,0.00,0.00,4.68,,,,,0.00,0.00,,0,0,1,51.80,12.60,36.60,
10223,2025-10-31,19:28:00,0.00,0.00,4.68,,,,,0.00,0.00,,0,0,1,51.90,13.10,36.70,
10223,2025-10-31,19:29:00,0.00,0.00,4.68,,,,,0.00,0.00,,0,0,1,51.80,12.95,36.60,
10223,2025-10-31,19:30:00,0.00,0.00,4.68,,,,,0.00,0.00,,0,0,1,51.90,13.04,36.70,
10223,2025-10-31,19:31:00,0.00,0.00,4.68,,,,,0.00,0.00,,0,0,1,51.90,13.01,36.70,
10223,2025-10-31,19:32:00,0.00,0.00,4.68,,,,,0.00,0.00,,0,0,1,51.90,12.60,36.70,
10223,2025-10-31,19:33:00,0.00,0.00,4.68,,,,,0.00,0.00,,0,0,1,51.90,13.04,36.70,
10223,2025-10-31,19:34:00,0.00,0.00,4.68,,,,,0.00,0.00,,0,0,1,51.80,13.10,36.60,
10223,2025-10-31,19:35:00,0.00,0.00,4.68,,,,,0.00,0.00,,0,0,1,51.80,13.04,36.60,
10223,2025-10-31,19:36:00,4.675,0.00,4.68,,,,,0.00,0.00,,1,0,1,51.80,12.60,36.60,
10223,2025-10-31,19:37:00,4.676,0.00,4.68,,,,,0.00,0.00,,1,0,1,51.90,12.51,36.60,
10223,2025-10-31,19:38:00,0.00,0.00,4.68,,,,,0.00,0.00,,0,0,1,51.90,12.86,36.60,
10223,2025-10-31,19:39:00,0.00,0.00,4.68,,,,,0.00,0.00,,0,0,1,51.90,13.01,36.60,
10223,2025-10-31,19:40:00,0.00,0.00,4.68,,,,,0.00,0.00,,0,0,1,51.90,13.04,36.60,
10223,2025-10-31,19:41:00,0.00,0.00,4.68,,,,,0.00,0.00,,0,0,1,51.90,13.10,36.60,
10223,2025-10-31,19:42:00,0.00,0.00,4.68,,,,,0.00,0.00,,0,0,1,51.90,12.48,36.60,
10223,2025-10-31,19:43:00,0.00,0.00,4.68,,,,,0.00,0.00,,0,0,1,51.90,12.51,36.60,
10223,2025-10-31,19:44:00,4.676,0.00,4.68,,,,,0.00,0.00,,1,0,1,51.90,12.51,36.60,
10223,2025-10-31,19:45:00,0.00,0.00,4.68,,,,,0.00,0.00,,0,0,1,52.00,13.04,36.60,
10223,2025-10-31,19:46:00,0.00,0.00,4.68,,,,,0.00,0.00,,0,0,1,52.00,12.60,36.60,
10223,2025-10-31,19:47:00,4.675,0.00,4.68,,,,,0.00,0.00,,1,0,1,52.00,12.60,36.50,
10223,2025-10-31,19:48:00,0.00,0.00,4.68,,,,,0.00,0.00,,0,0,1,51.90,12.89,36.50,
10223,2025-10-31,19:49:00,0.00,0.00,4.68,,,,,0.00,0.00,,0,0,1,52.00,13.04,36.50,
10223,2025-10-31,19:50:00,0.00,0.00,4.68,,,,,0.00,0.00,,0,0,1,52.00,13.04,36.60,
10223,2025-10-31,19:51:00,0.00,0.00,4.68,,,,,0.00,0.00,,0,0,1,52.00,12.51,36.60,
10223,2025-10-31,19:52:00,0.00,0.00,4.68,,,,,0.00,0.00,,0,0,1,52.00,12.92,36.60,
10223,2025-10-31,19:53:00,0.00,0.00,4.68,,,,,0.00,0.00,,0,0,1,52.00,13.04,36.60,
10223,2025-10-31,19:54:00,0.00,0.00,4.68,,,,,0.00,0.00,,0,0,1,51.90,13.04,36.50,
10223,2025-10-31,19:55:00,0.00,0.00,4.68,,,,,0.00,0.00,,0,0,1,51.90,12.95,36.50,
10223,2025-10-31,19:56:00,4.675,0.00,4.68,,,,,0.00,0.00,,1,0,1,52.00,12.51,36.60,
10223,2025-10-31,19:57:00,0.00,0.00,4.68,,,,,0.00,0.00,,0,0,1,51.90,12.51,36.50,
10223,2025-10-31,19:58:00,0.00,0.00,4.68,,,,,0.00,0.00,,0,0,1,52.00,12.51,36.60,
10223,2025-10-31,19:59:00,0.00,0.00,4.68,,,,,0.00,0.00,,0,0,1,52.00,12.60,36.60,
10223,2025-10-31,20:00:00,0.00,0.00,4.68,,,,,0.00,0.00,,0,0,1,51.90,13.01,36.50,
10223,2025-10-31,20:01:00,0.00,0.00,4.68,,,,,0.00,0.00,,0,1,1,51.90,12.48,36.50,
10223,2025-10-31,20:02:00,4.676,0.00,4.68,,,,,0.00,0.00,,1,0,1,51.90,12.92,36.60,
10223,2025-10-31,20:03:00,0.00,0.00,4.68,,,,,0.00,0.00,,0,0,1,51.90,13.04,36.60,
10223,2025-10-31,20:04:00,0.00,0.00,4.68,,,,,0.00,0.00,,0,0,1,51.90,13.04,36.60,
10223,2025-10-31,20:05:00,0.00,0.00,4.68,,,,,0.00,0.00,,0,0,1,51.80,13.04,36.50,
10223,2025-10-31,20:06:00,0.00,0.00,4.68,,,,,0.00,0.00,,0,0,1,51.80,13.04,36.60,
10223,2025-10-31,20:07:00,0.00,0.00,4.68,,,,,0.00,0.00,,0,0,1,51.90,12.51,36.60,
10223,2025-10-31,20:08:00,0.00,0.00,4.68,,,,,0.00,0.00,,0,0,1,51.80,12.48,36.60,
10223,2025-10-31,20:09:00,0.00,0.00,4.68,,,,,0.00,0.00,,0,0,1,51.80,12.60,36.60,
10223,2025-10-31,20:10:00,0.00,0.00,4.68,,,,,0.00,0.00,,0,0,1,51.70,12.66,36.50,
10223,2025-10-31,20:11:00,0.00,0.00,4.68,,,,,0.00,0.00,,0,0,1,51.80,12.48,36.60,
10223,2025-10-31,20:12:00,0.00,0.00,4.68,,,,,0.00,0.00,,0,0,1,51.80,12.60,36.60,
10223,2025-10-31,20:13:00,0.00,0.00,4.68,,,,,0.00,0.00,,0,0,1,51.80,12.71,36.60,
10223,2025-10-31,20:14:00,4.675,0.00,4.68,,,,,0.00,0.00,,1,0,1,51.80,12.60,36.60,
10223,2025-10-31,20:15:00,0.00,0.00,4.68,,,,,0.00,0.00,,0,0,1,51.70,13.04,36.60,
10223,2025-10-31,20:16:00,0.00,0.00,4.68,,,,,0.00,0.00,,0,0,1,51.80,12.60,36.60,
10223,2025-10-31,20:17:00,0.00,0.00,4.68,,,,,0.00,0.00,,0,0,1,51.70,13.04,36.60,
10223,2025-10-31,20:18:00,0.00,0.00,4.68,,,,,0.00,0.00,,0,0,1,51.70,13.04,36.60,
10223,2025-10-31,20:19:00,0.00,0.00,4.68,,,,,0.00,0.00,,0,0,1,51.70,12.51,36.60,
10223,2025-10-31,20:20:00,0.00,0.00,4.68,,,,,0.00,0.00,,0,0,1,51.70,12.48,36.60,
10223,2025-10-31,20:21:00,0.00,0.00,4.68,,,,,0.00,0.00,,0,0,1,51.70,12.51,36.60,
10223,2025-10-31,20:22:00,0.00,0.00,4.68,,,,,0.00,0.00,,0,0,1,51.70,12.71,36.60,
10223,2025-10-31,20:23:00,4.675,0.00,4.68,,,,,0.00,0.00,,1,0,1,51.70,13.01,36.60,
10223,2025-10-31,20:24:00,0.00,0.00,4.68,,,,,0.00,0.00,,0,0,1,51.60,13.10,36.60,
10223,2025-10-31,20:25:00,0.00,0.00,4.68,,,,,0.00,0.00,,0,0,1,51.60,12.98,36.60,
10223,2025-10-31,20:26:00,0.00,0.00,4.68,,,,,0.00,0.00,,0,0,1,51.70,13.04,36.60,
10223,2025-10-31,20:27:00,0.00,0.00,4.68,,,,,0.00,0.00,,0,0,1,51.70,12.51,36.60,
10223,2025-10-31,20:28:00,0.00,0.00,4.68,,,,,0.00,0.00,,0,0,1,51.70,12.86,36.60,
10223,2025-10-31,20:29:00,0.00,0.00,4.68,,,,,0.00,0.00,,0,0,1,51.70,12.60,36.60,
10223,2025-10-31,20:30:00,0.00,0.00,4.68,,,,,0.00,0.00,,0,0,1,51.70,12.98,36.60,
10223,2025-10-31,20:31:00,0.00,0.00,4.68,,,,,0.00,0.00,,0,0,1,51.70,13.04,36.70,
10223,2025-10-31,20:32:00,0.00,0.00,4.68,,,,,0.00,0.00,,0,0,1,51.60,12.77,36.60,
10223,2025-10-31,20:33:00,0.00,0.00,4.68,,,,,0.00,0.00,,0,0,1,51.60,13.04,36.60,
10223,2025-10-31,20:34:00,0.00,0.00,4.68,,,,,0.00,0.00,,0,0,1,51.60,12.66,36.60,
10223,2025-10-31,20:35:00,0.00,0.00,4.68,,,,,0.00,0.00,,0,0,1,51.60,13.04,36.60,
10223,2025-10-31,20:36:00,4.676,0.00,4.68,,,,,0.00,0.00,,1,0,1,51.70,12.83,36.70,
10223,2025-10-31,20:37:00,0.00,0.00,4.68,,,,,0.00,0.00,,0,0,1,51.70,12.89,36.60,
10223,2025-10-31,20:38:00,0.00,0.00,4.68,,,,,0.00,0.00,,0,0,1,51.60,12.48,36.60,
10223,2025-10-31,20:39:00,0.00,0.00,4.68,,,,,0.00,0.00,,0,0,1,51.60,12.71,36.70,
10223,2025-10-31,20:40:00,0.00,0.00,4.68,,,,,0.00,0.00,,0,0,1,51.70,13.04,36.60,
10223,2025-10-31,20:41:00,0.00,0.00,4.68,,,,,0.00,0.00,,0,0,1,51.70,12.51,36.70,
10223,2025-10-31,20:42:00,0.00,0.00,4.68,,,,,0.00,0.00,,0,0,1,51.70,13.04,36.70,
10223,2025-10-31,20:43:00,0.00,0.00,4.68,,,,,0.00,0.00,,0,0,1,51.60,13.04,36.60,
10223,2025-10-31,20:44:00,0.00,0.00,4.68,,,,,0.00,0.00,,0,0,1,51.60,12.51,36.60,
10223,2025-10-31,20:45:00,0.00,0.00,4.68,,,,,0.00,0.00,,0,0,1,51.60,13.04,36.60,
10223,2025-10-31,20:46:00,4.675,0.00,4.68,,,,,0.00,0.00,,1,0,1,51.70,12.60,36.70,
10223,2025-10-31,20:47:00,0.00,0.00,4.68,,,,,0.00,0.00,,0,0,1,51.60,13.04,36.70,
10223,2025-10-31,20:48:00,4.675,0.00,4.68,,,,,0.00,0.00,,1,0,1,51.60,12.66,36.60,
10223,2025-10-31,20:49:00,0.00,0.00,4.68,,,,,0.00,0.00,,0,0,1,51.60,13.04,36.60,
10223,2025-10-31,20:50:00,0.00,0.00,4.68,,,,,0.00,0.00,,0,0,1,51.50,12.83,36.70,
10223,2025-10-31,20:51:00,0.00,0.00,4.68,,,,,0.00,0.00,,0,0,1,51.50,12.51,36.60,
10223,2025-10-31,20:52:00,0.00,0.00,4.68,,,,,0.00,0.00,,0,0,1,51.50,13.04,36.60,
10223,2025-10-31,20:53:00,0.00,0.00,4.68,,,,,0.00,0.00,,0,0,1,51.50,12.66,36.60,
10223,2025-10-31,20:54:00,0.00,0.00,4.68,,,,,0.00,0.00,,0,0,1,51.50,12.89,36.60,
10223,2025-10-31,20:55:00,0.00,0.00,4.68,,,,,0.00,0.00,,0,0,1,51.50,12.71,36.60,
10223,2025-10-31,20:56:00,0.00,0.00,4.68,,,,,0.00,0.00,,0,0,1,51.50,12.48,36.60,
10223,2025-10-31,20:57:00,0.00,0.00,4.68,,,,,0.00,0.00,,0,0,1,51.60,13.04,36.70,
10223,2025-10-31,20:58:00,0.00,0.00,4.68,,,,,0.00,0.00,,0,0,1,51.50,12.86,36.60,
10223,2025-10-31,20:59:00,0.00,0.00,4.68,,,,,0.00,0.00,,0,0,1,51.60,13.04,36.70,
10223,2025-10-31,21:00:00,0.00,0.00,4.68,,,,,0.00,0.00,,0,0,1,51.50,12.92,36.60,
10223,2025-10-31,21:01:00,0.00,0.00,4.68,,,,,0.00,0.00,,0,1,1,51.50,12.92,36.60,
10223,2025-10-31,21:02:00,0.00,0.00,4.68,,,,,0.00,0.00,,0,0,1,51.50,12.89,36.70,
10223,2025-10-31,21:03:00,0.00,0.00,4.68,,,,,0.00,0.00,,0,0,1,51.60,12.98,36.70,
10223,2025-10-31,21:04:00,0.00,0.00,4.68,,,,,0.00,0.00,,0,0,1,51.50,13.04,36.70,
10223,2025-10-31,21:05:00,0.00,0.00,4.68,,,,,0.00,0.00,,0,0,1,51.60,12.60,36.70,
10223,2025-10-31,21:06:00,0.00,0.00,4.68,,,,,0.00,0.00,,0,0,1,51.50,12.60,36.70,
10223,2025-10-31,21:07:00,4.675,0.00,4.68,,,,,0.00,0.00,,1,0,1,51.40,12.92,36.60,
10223,2025-10-31,21:08:00,0.00,0.00,4.68,,,,,0.00,0.00,,0,0,1,51.50,12.48,36.70,
10223,2025-10-31,21:09:00,0.00,0.00,4.68,,,,,0.00,0.00,,0,0,1,51.50,12.48,36.60,
10223,2025-10-31,21:10:00,0.00,0.00,4.68,,,,,0.00,0.00,,0,0,1,51.50,12.48,36.70,
10223,2025-10-31,21:11:00,0.00,0.00,4.68,,,,,0.00,0.00,,0,0,1,51.50,12.48,36.70,
10223,2025-10-31,21:12:00,0.00,0.00,4.68,,,,,0.00,0.00,,0,0,1,51.50,13.04,36.70,
10223,2025-10-31,21:13:00,0.00,0.00,4.68,,,,,0.00,0.00,,0,0,1,51.50,13.04,36.70,
10223,2025-10-31,21:14:00,0.00,0.00,4.68,,,,,0.00,0.00,,0,0,1,51.40,13.04,36.70,
10223,2025-10-31,21:15:00,0.00,0.00,4.68,,,,,0.00,0.00,,0,0,1,51.50,13.04,36.70,
10223,2025-10-31,21:16:00,0.00,0.00,4.68,,,,,0.00,0.00,,0,0,1,51.50,12.66,36.70,
10223,2025-10-31,21:17:00,0.00,0.00,4.68,,,,,0.00,0.00,,0,0,1,51.40,13.04,36.70,
10223,2025-10-31,21:18:00,0.00,0.00,4.68,,,,,0.00,0.00,,0,0,1,51.40,13.04,36.70,
10223,2025-10-31,21:19:00,0.00,0.00,4.68,,,,,0.00,0.00,,0,0,1,51.40,13.04,36.70,
10223,2025-10-31,21:20:00,4.675,0.00,4.68,,,,,0.00,0.00,,1,0,1,51.40,12.48,36.70,
10223,2025-10-31,21:21:00,0.00,0.00,4.68,,,,,0.00,0.00,,0,0,1,51.40,12.83,36.70,
10223,2025-10-31,21:22:00,0.00,0.00,4.68,,,,,0.00,0.00,,0,0,1,51.40,13.04,36.60,
10223,2025-10-31,21:23:00,0.00,0.00,4.68,,,,,0.00,0.00,,0,0,1,51.50,13.04,36.70,
10223,2025-10-31,21:24:00,4.671,0.00,4.68,,,,,0.00,0.00,,1,0,1,51.50,12.48,36.70,
10223,2025-10-31,21:25:00,0.00,0.00,4.68,,,,,0.00,0.00,,0,0,1,51.40,13.01,36.60,
10223,2025-10-31,21:26:00,0.00,0.00,4.68,,,,,0.00,0.00,,0,0,1,51.40,12.89,36.60,
10223,2025-10-31,21:27:00,0.00,0.00,4.68,,,,,0.00,0.00,,0,0,1,51.40,12.48,36.70,
10223,2025-10-31,21:28:00,0.00,0.00,4.68,,,,,0.00,0.00,,0,0,1,51.40,12.60,36.60,
10223,2025-10-31,21:29:00,0.00,0.00,4.68,,,,,0.00,0.00,,0,0,1,51.40,12.83,36.60,
10223,2025-10-31,21:30:00,0.00,0.00,4.68,,,,,0.00,0.00,,0,0,1,51.50,12.95,36.70,
10223,2025-10-31,21:31:00,0.00,0.00,4.68,,,,,0.00,0.00,,0,0,1,51.40,12.80,36.60,
10223,2025-10-31,21:32:00,0.00,0.00,4.68,,,,,0.00,0.00,,0,0,1,51.40,12.86,36.60,
10223,2025-10-31,21:33:00,0.00,0.00,4.68,,,,,0.00,0.00,,0,0,1,51.40,12.51,36.60,
10223,2025-10-31,21:34:00,0.00,0.00,4.68,,,,,0.00,0.00,,0,0,1,51.40,12.89,36.60,
10223,2025-10-31,21:35:00,0.00,0.00,4.68,,,,,0.00,0.00,,0,0,1,51.40,13.04,36.60,
10223,2025-10-31,21:36:00,0.00,0.00,4.68,,,,,0.00,0.00,,0,0,1,51.40,13.04,36.60,
10223,2025-10-31,21:37:00,4.676,0.00,4.68,,,,,0.00,0.00,,1,0,1,51.40,12.77,36.60,
10223,2025-10-31,21:38:00,0.00,0.00,4.68,,,,,0.00,0.00,,0,0,1,51.40,12.66,36.60,
10223,2025-10-31,21:39:00,4.675,0.00,4.68,,,,,0.00,0.00,,1,0,1,51.40,12.80,36.60,
10223,2025-10-31,21:40:00,0.00,0.00,4.68,,,,,0.00,0.00,,0,0,1,51.40,12.48,36.60,
10223,2025-10-31,21:41:00,0.00,0.00,4.68,,,,,0.00,0.00,,0,0,1,51.30,12.48,36.50,
10223,2025-10-31,21:42:00,0.00,0.00,4.68,,,,,0.00,0.00,,0,0,1,51.30,13.01,36.50,
10223,2025-10-31,21:43:00,0.00,0.00,4.68,,,,,0.00,0.00,,0,0,1,51.30,12.60,36.50,
10223,2025-10-31,21:44:00,0.00,0.00,4.68,,,,,0.00,0.00,,0,0,1,51.30,13.04,36.50,
10223,2025-10-31,21:45:00,0.00,0.00,4.68,,,,,0.00,0.00,,0,0,1,51.30,12.74,36.50,
10223,2025-10-31,21:46:00,0.00,0.00,4.68,,,,,0.00,0.00,,0,0,1,51.30,12.48,36.40,
10223,2025-10-31,21:47:00,0.00,0.00,4.68,,,,,0.00,0.00,,0,0,1,51.30,12.51,36.50,
10223,2025-10-31,21:48:00,0.00,0.00,4.68,,,,,0.00,0.00,,0,0,1,51.30,12.71,36.50,
10223,2025-10-31,21:49:00,0.00,0.00,4.68,,,,,0.00,0.00,,0,0,1,51.30,13.04,36.40,
10223,2025-10-31,21:50:00,0.00,0.00,4.68,,,,,0.00,0.00,,0,0,1,51.40,12.98,36.50,
10223,2025-10-31,21:51:00,0.00,0.00,4.68,,,,,0.00,0.00,,0,0,1,51.40,12.60,36.50,
10223,2025-10-31,21:52:00,0.00,0.00,4.68,,,,,0.00,0.00,,0,0,1,51.50,13.01,36.50,
10223,2025-10-31,21:53:00,0.00,0.00,4.68,,,,,0.00,0.00,,0,0,1,51.40,12.66,36.40,
10223,2025-10-31,21:54:00,0.00,0.00,4.68,,,,,0.00,0.00,,0,0,1,51.40,12.48,36.50,
10223,2025-10-31,21:55:00,0.00,0.00,4.68,,,,,0.00,0.00,,0,0,1,51.40,12.92,36.40,
10223,2025-10-31,21:56:00,0.00,0.00,4.68,,,,,0.00,0.00,,0,0,1,51.30,12.74,36.40,
10223,2025-10-31,21:57:00,0.00,0.00,4.68,,,,,0.00,0.00,,0,0,1,51.30,12.48,36.40,
10223,2025-10-31,21:58:00,0.00,0.00,4.68,,,,,0.00,0.00,,0,0,1,51.40,12.92,36.40,
10223,2025-10-31,21:59:00,0.00,0.00,4.68,,,,,0.00,0.00,,0,0,1,51.30,12.60,36.40,
10223,2025-10-31,22:00:00,0.00,0.00,4.68,,,,,0.00,0.00,,0,0,1,51.40,12.98,36.40,
10223,2025-10-31,22:01:00,0.00,0.00,4.68,,,,,0.00,0.00,,0,1,1,51.40,12.48,36.40,
10223,2025-10-31,22:02:00,0.00,0.00,4.68,,,,,0.00,0.00,,0,0,1,51.30,13.01,36.40,
10223,2025-10-31,22:03:00,0.00,0.00,4.68,,,,,0.00,0.00,,0,0,1,51.40,12.48,36.40,
10223,2025-10-31,22:04:00,0.00,0.00,4.68,,,,,0.00,0.00,,0,0,1,51.30,13.04,36.40,
10223,2025-10-31,22:05:00,0.00,0.00,4.68,,,,,0.00,0.00,,0,0,1,51.30,12.48,36.30,
10223,2025-10-31,22:06:00,0.00,0.00,4.68,,,,,0.00,0.00,,0,0,1,51.40,12.48,36.30,
10223,2025-10-31,22:07:00,0.00,0.00,4.68,,,,,0.00,0.00,,0,0,1,51.40,12.89,36.40,
10223,2025-10-31,22:08:00,0.00,0.00,4.68,,,,,0.00,0.00,,0,0,1,51.30,13.04,36.30,
10223,2025-10-31,22:09:00,0.00,0.00,4.68,,,,,0.00,0.00,,0,0,1,51.40,12.98,36.40,
10223,2025-10-31,22:10:00,0.00,0.00,4.68,,,,,0.00,0.00,,0,0,1,51.40,13.01,36.30,
10223,2025-10-31,22:11:00,0.00,0.00,4.68,,,,,0.00,0.00,,0,0,1,51.40,12.48,36.30,
10223,2025-10-31,22:12:00,0.00,0.00,4.68,,,,,0.00,0.00,,0,0,1,51.40,13.01,36.30,
10223,2025-10-31,22:13:00,0.00,0.00,4.68,,,,,0.00,0.00,,0,0,1,51.30,12.83,36.20,
10223,2025-10-31,22:14:00,4.676,0.00,4.68,,,,,0.00,0.00,,1,0,1,51.40,12.77,36.20,
10223,2025-10-31,22:15:00,0.00,0.00,4.68,,,,,0.00,0.00,,0,0,1,51.30,13.04,36.20,
10223,2025-10-31,22:16:00,0.00,0.00,4.68,,,,,0.00,0.00,,0,0,1,51.40,13.04,36.20,
10223,2025-10-31,22:17:00,0.00,0.00,4.68,,,,,0.00,0.00,,0,0,1,51.30,13.01,36.20,
10223,2025-10-31,22:18:00,0.00,0.00,4.68,,,,,0.00,0.00,,0,0,1,51.40,12.60,36.20,
10223,2025-10-31,22:19:00,0.00,0.00,4.68,,,,,0.00,0.00,,0,0,1,51.30,12.66,36.20,
10223,2025-10-31,22:20:00,0.00,0.00,4.68,,,,,0.00,0.00,,0,0,1,51.40,12.51,36.20,
10223,2025-10-31,22:21:00,0.00,0.00,4.68,,,,,0.00,0.00,,0,0,1,51.30,12.48,36.20,
10223,2025-10-31,22:22:00,0.00,0.00,4.68,,,,,0.00,0.00,,0,0,1,51.40,13.01,36.20,
10223,2025-10-31,22:23:00,0.00,0.00,4.68,,,,,0.00,0.00,,0,0,1,51.30,12.48,36.10,
10223,2025-10-31,22:24:00,0.00,0.00,4.68,,,,,0.00,0.00,,0,0,1,51.40,12.98,36.20,
10223,2025-10-31,22:25:00,0.00,0.00,4.68,,,,,0.00,0.00,,0,0,1,51.30,12.86,36.10,
10223,2025-10-31,22:26:00,0.00,0.00,4.68,,,,,0.00,0.00,,0,0,1,51.30,13.04,36.10,
10223,2025-10-31,22:27:00,0.00,0.00,4.68,,,,,0.00,0.00,,0,0,1,51.30,13.04,36.10,
10223,2025-10-31,22:28:00,0.00,0.00,4.68,,,,,0.00,0.00,,0,0,1,51.30,12.48,36.10,
10223,2025-10-31,22:29:00,4.671,0.00,4.68,,,,,0.00,0.00,,1,0,1,51.30,12.48,36.10,
10223,2025-10-31,22:30:00,0.00,0.00,4.68,,,,,0.00,0.00,,0,0,1,51.30,12.51,36.10,
10223,2025-10-31,22:31:00,4.675,0.00,4.68,,,,,0.00,0.00,,1,0,1,51.30,12.48,36.00,
10223,2025-10-31,22:32:00,0.00,0.00,4.68,,,,,0.00,0.00,,0,0,1,51.40,13.04,36.10,
10223,2025-10-31,22:33:00,0.00,0.00,4.68,,,,,0.00,0.00,,0,0,1,51.40,13.04,36.10,
10223,2025-10-31,22:34:00,0.00,0.00,4.68,,,,,0.00,0.00,,0,0,1,51.30,12.48,36.00,
10223,2025-10-31,22:35:00,0.00,0.00,4.68,,,,,0.00,0.00,,0,0,1,51.40,12.92,36.00,
10223,2025-10-31,22:36:00,0.00,0.00,4.68,,,,,0.00,0.00,,0,0,1,51.30,12.86,36.00,
10223,2025-10-31,22:37:00,0.00,0.00,4.68,,,,,0.00,0.00,,0,0,1,51.40,12.98,36.00,
10223,2025-10-31,22:38:00,0.00,0.00,4.68,,,,,0.00,0.00,,0,0,1,51.40,12.48,36.00,
10223,2025-10-31,22:39:00,0.00,0.00,4.68,,,,,0.00,0.00,,0,0,1,51.40,12.89,36.00,
10223,2025-10-31,22:40:00,0.00,0.00,4.68,,,,,0.00,0.00,,0,0,1,51.40,12.74,36.00,
10223,2025-10-31,22:41:00,4.676,0.00,4.68,,,,,0.00,0.00,,1,0,1,51.40,12.92,36.00,
10223,2025-10-31,22:42:00,0.00,0.00,4.68,,,,,0.00,0.00,,0,0,1,51.40,12.60,36.00,
10223,2025-10-31,22:43:00,0.00,0.00,4.68,,,,,0.00,0.00,,0,0,1,51.40,12.48,36.00,
10223,2025-10-31,22:44:00,0.00,0.00,4.68,,,,,0.00,0.00,,0,0,1,51.50,13.04,36.00,
10223,2025-10-31,22:45:00,4.676,0.00,4.68,,,,,0.00,0.00,,1,0,1,51.50,12.92,36.00,
10223,2025-10-31,22:46:00,0.00,0.00,4.68,,,,,0.00,0.00,,0,0,1,51.50,12.66,35.90,
10223,2025-10-31,22:47:00,0.00,0.00,4.68,,,,,0.00,0.00,,0,0,1,51.50,12.89,35.90,
10223,2025-10-31,22:48:00,0.00,0.00,4.68,,,,,0.00,0.00,,0,0,1,51.50,12.71,35.90,
10223,2025-10-31,22:49:00,0.00,0.00,4.68,,,,,0.00,0.00,,0,0,1,51.50,12.89,35.90,
10223,2025-10-31,22:50:00,4.676,0.00,4.68,,,,,0.00,0.00,,1,0,1,51.50,12.48,35.90,
10223,2025-10-31,22:51:00,0.00,0.00,4.68,,,,,0.00,0.00,,0,0,1,51.50,12.98,35.90,
10223,2025-10-31,22:52:00,0.00,0.00,4.68,,,,,0.00,0.00,,0,0,1,51.50,12.48,35.90,
10223,2025-10-31,22:53:00,0.00,0.00,4.68,,,,,0.00,0.00,,0,0,1,51.50,12.74,35.90,
10223,2025-10-31,22:54:00,0.00,0.00,4.68,,,,,0.00,0.00,,0,0,1,51.60,12.48,35.90,
10223,2025-10-31,22:55:00,0.00,0.00,4.68,,,,,0.00,0.00,,0,0,1,51.60,13.04,35.90,
10223,2025-10-31,22:56:00,0.00,0.00,4.68,,,,,0.00,0.00,,0,0,1,51.60,13.04,35.90,
10223,2025-10-31,22:57:00,0.00,0.00,4.68,,,,,0.00,0.00,,0,0,1,51.60,12.48,35.90,
10223,2025-10-31,22:58:00,0.00,0.00,4.68,,,,,0.00,0.00,,0,0,1,51.60,12.48,35.90,
10223,2025-10-31,22:59:00,0.00,0.00,4.68,,,,,0.00,0.00,,0,0,1,51.60,12.60,35.90,
10223,2025-10-31,23:00:00,0.00,0.00,4.68,,,,,0.00,0.00,,0,0,1,51.60,12.71,35.90,
